State,In the Book,Completed,Est. Hours,National Park,Address,City,State,Zip,Sunday,Monday,Tuesday,Wednesday,Thursday,Friday,Saturday,,Visitor Center Location,Visitor Center Address,Visitor Center City,Visitor Center State,Visitor Center Zip,Sunday,Monday,Tuesday,Wednesday,Thursday,Friday,Saturday
ALABAMA:,Book,,,Birmingham Civil Rights NM,"1510 5th Ave N, ",Birmingham,Alabama,35203,Closed,Closed,Closed,Closed,10:00 AM–5:00 PM,10:00 AM–5:00 PM,10:00 AM–5:00 PM,,A.G. Gaston Motel ,1510 5th Avenue N,Birmingham,Alabama,35203,Closed,Closed,Closed,Closed,10:00 AM–4:00 PM,10:00 AM–4:00 PM,10:00 AM–4:00 PM
ALABAMA:,Book,,,Freedom Riders NM,1031 Gurnee Ave,Anniston,Alabama,36201,Closed,Closed,10:00 AM–4:00 PM,10:00 AM–4:00 PM,10:00 AM–4:00 PM,Closed,Closed,,Anniston Greyhound Bus Depot,1031 Gurnee Ave,Anniston,Alabama,36201,Closed,Closed,10:00 AM–4:00 PM,10:00 AM–4:00 PM,10:00 AM–4:00 PM,Closed,Closed
ALABAMA:,Book,,,Horseshoe Bend NMP,11288 Horseshoe Bend Rd,Daviston,Alabama,36256,8:00 AM–5:00 PM,8:00 AM–5:00 PM,8:00 AM–5:00 PM,8:00 AM–5:00 PM,8:00 AM–5:00 PM,8:00 AM–5:00 PM,8:00 AM–5:00 PM,,Horseshoe Bend NMP,11288 Horseshoe Bend Rd,Daviston,Alabama,36256,9:00 AM–4:30 PM,9:00 AM–4:30 PM,9:00 AM–4:30 PM,9:00 AM–4:30 PM,9:00 AM–4:30 PM,9:00 AM–4:30 PM,9:00 AM–4:30 PM
ALABAMA:,Book,,,Little River Canyon N PRES,4322 Little River Trail #100,Fort Payne,Alabama,35967,8:00 AM–5:00 PM,8:00 AM–5:00 PM,8:00 AM–5:00 PM,8:00 AM–5:00 PM,8:00 AM–5:00 PM,8:00 AM–5:00 PM,8:00 AM–5:00 PM,,Jacksonville State University Little River Canyon Center,4322 Little River Canyon Rim Pkwy,Fort Payne,Alabama,35967,10:00 AM–4:00 PM,Closed,10:00 AM–4:00 PM,10:00 AM–4:00 PM,10:00 AM–4:00 PM,10:00 AM–4:00 PM,10:00 AM–4:00 PM
ALABAMA:,Book,,,Russell Cave NM,3729 Co Rd 98,Bridgeport,Alabama,35740,8:00 AM–4:30 PM,8:00 AM–4:30 PM,8:00 AM–4:30 PM,8:00 AM–4:30 PM,8:00 AM–4:30 PM,8:00 AM–4:30 PM,8:00 AM–4:30 PM,,Gilbert Grosvenor Visitor Center,3729 Co Rd 98,Bridgeport,Alabama,35740,8:30 AM–4:00 PM,8:30 AM–4:00 PM,8:30 AM–4:00 PM,8:30 AM–4:00 PM,8:30 AM–4:00 PM,8:30 AM–4:00 PM,8:30 AM–4:00 PM
ALABAMA:,Book,,,Tuskegee Airmen NHS,1616 Chappie James Ave,Tuskegee,Alabama,36083,9:00 AM–4:30 PM,9:00 AM–4:30 PM,9:00 AM–4:30 PM,9:00 AM–4:30 PM,9:00 AM–4:30 PM,9:00 AM–4:30 PM,9:00 AM–4:30 PM,,Tuskegee Airmen NHS Visitor Center,1616 Chappie James Ave,Tuskegee,,36083,9:00 AM–4:30 PM,9:00 AM–4:30 PM,9:00 AM–4:30 PM,9:00 AM–4:30 PM,9:00 AM–4:30 PM,9:00 AM–4:30 PM,9:00 AM–4:30 PM
ALABAMA:,Book,,,Tuskegee Institute NHS,1212 W Montgomery Rd,Tuskegee,Alabama,36088,9:00 AM–4:30 PM,9:00 AM–4:30 PM,9:00 AM–4:30 PM,9:00 AM–4:30 PM,9:00 AM–4:30 PM,9:00 AM–4:30 PM,9:00 AM–4:30 PM,,Tuskegee Institute National Historic Site,1212 W Montgomery Rd,Tuskegee,,36088,9:00 AM–4:30 PM,9:00 AM–4:30 PM,9:00 AM–4:30 PM,9:00 AM–4:30 PM,9:00 AM–4:30 PM,9:00 AM–4:30 PM,9:00 AM–4:30 PM
,,,,,,,,,,,,,,,,,,,,,,,,,,,,
ALASKA:,Book,,,Alagnak WR,"1000 Silver St., Bldg. 603",King Salmon,Alaska,99613,Open,Open,Open,Open,Open,Open,Open,,King Salmon Visitor Center,1 King Salmon Airport Rd,King Salmon,Alaska,99613,9:00 AM–5:00 PM,9:00 AM–5:00 PM,9:00 AM–5:00 PM,9:00 AM–5:00 PM,9:00 AM–5:00 PM,9:00 AM–5:00 PM,9:00 AM–5:00 PM
ALASKA:,,,,Aleutian World War II NHA,2716 Airport Beach Road,Unalaska,Alaska,99692,Closed,Closed,8:00 AM–5:00 PM,8:00 AM–5:00 PM,8:00 AM–5:00 PM,8:00 AM–5:00 PM,8:00 AM–5:00 PM,,Aleutian Islands WWII National Historic Area - Visitor Center,2716 Airport Beach Rd,Unalaska,Alaska,99692,Closed,Closed,8:00 AM–5:00 PM,8:00 AM–5:00 PM,8:00 AM–5:00 PM,8:00 AM–5:00 PM,10:00 AM–5:00 PM
ALASKA:,Book,,,Aniakchak NM & PRES,King Salmon Airport Rd,King Salmon,Alaska,99613,Open,Open,Open,Open,Open,Open,Open,,King Salmon Visitor Center,1 King Salmon Airport Rd,King Salmon,Alaska,99613,9:00 AM–5:00 PM,9:00 AM–5:00 PM,9:00 AM–5:00 PM,9:00 AM–5:00 PM,9:00 AM–5:00 PM,9:00 AM–5:00 PM,9:00 AM–5:00 PM
ALASKA:,Book,,,Bering Land Bridge N PRES,214 Front St.,Nome,Alaska,99762,Open,Open,Open,Open,Open,Open,Open,,Bering Land Bridge Heritage Center,214 Front St.,Nome,Alaska,99762,Closed,Closed,10:00 AM–5:00 PM,10:00 AM–5:00 PM,10:00 AM–5:00 PM,10:00 AM–5:00 PM,10:00 AM–5:00 PM
ALASKA:,Book,,,Cape Krusenstern NM,171 Third Ave,Kotzebue,Alaska,99752,Closed,9:00 AM–5:30 PM,9:00 AM–5:30 PM,9:00 AM–5:30 PM,9:00 AM–5:30 PM,9:00 AM–5:30 PM,Closed,,Northwest Arctic Heritage Center,171 Third Ave,Kotzebue,Alaska,99752,Closed,9:00 AM–5:30 PM,9:00 AM–5:30 PM,9:00 AM–5:30 PM,9:00 AM–5:30 PM,9:00 AM–5:30 PM,Closed
ALASKA:,Book,,,Denali NP & PRES,Mile 237 Highway 3,Denali Park,Alaska,99755,Open,Open,Open,Open,Open,Open,Open,,Denali Visitor Center,"Park Rd, Denali National Park and Preserve",,Alaska,99755,8:30 AM–6:00 PM,8:30 AM–6:00 PM,8:30 AM–6:00 PM,8:30 AM–6:00 PM,8:30 AM–6:00 PM,8:30 AM–6:00 PM,8:30 AM–6:00 PM
ALASKA:,Book,,,Gates of the Arctic NP & PRES,101 Dunkel St,Fairbanks,Alaska,99701,Open,Open,Open,Open,Open,Open,Open,,Fairbanks Alaska Public Lands Information Center,101 Dunkel St,Fairbanks,Alaska,99701,8:00 AM–5:00 PM,8:00 AM–5:00 PM,8:00 AM–5:00 PM,8:00 AM–5:00 PM,8:00 AM–5:00 PM,8:00 AM–5:00 PM,8:00 AM–5:00 PM
ALASKA:,Book,,,Glacier Bay NP & PRES,1 Park Road,Gustavus,Alaska,99826,Open,Open,Open,Open,Open,Open,Open,,Glacier Bay National Park Visitor Center,179 Barlett Cove Road,Gustavus,Alaska,99826,11:00 AM–5:30 PM,11:00 AM–5:30 PM,11:00 AM–5:30 PM,11:00 AM–5:30 PM,11:00 AM–5:30 PM,11:00 AM–5:30 PM,11:00 AM–5:30 PM
ALASKA:,,,,Inupiat Heritage Center,5421 North Star Street,Barrow,Alaska,99723,Closed,8:30 AM–5:00 PM,8:30 AM–5:00 PM,8:30 AM–5:00 PM,8:30 AM–5:00 PM,8:30 AM–5:00 PM,Closed,,Iñupiat Heritage Center (IHC),5421 North Star Street,Barrow,Alaska,99723,Closed,8:30 AM–5:00 PM,8:30 AM–5:00 PM,8:30 AM–5:00 PM,8:30 AM–5:00 PM,8:30 AM–5:00 PM,Closed
ALASKA:,Book,,,Katmai NP & PRES,"1000 Silver St., Bldg. 603",King Salmon,Alaska,99613,Open,Open,Open,Open,Open,Open,Open,,King Salmon Visitor Center,1 King Salmon Airport Rd,King Salmon,Alaska,99613,9:00 AM–5:00 PM,9:00 AM–5:00 PM,9:00 AM–5:00 PM,9:00 AM–5:00 PM,9:00 AM–5:00 PM,9:00 AM–5:00 PM,9:00 AM–5:00 PM
ALASKA:,Book,,,Kenai Fjords NP,1212 4th Ave,Seward,Alaska,99664,Open,Open,Open,Open,Open,Open,Open,,Kenai Fjords National Park Visitor Center,1212 4th Ave,Seward,Alaska,99664,9:00 AM–7:00 PM,9:00 AM–7:00 PM,9:00 AM–7:00 PM,9:00 AM–7:00 PM,9:00 AM–7:00 PM,9:00 AM–7:00 PM,9:00 AM–7:00 PM
ALASKA:,Book,,,Klondike Gold Rush NHP,291 Broadway ,Skagway,Alaska,99840,9:00 AM–4:30 PM,9:00 AM–4:30 PM,9:00 AM–4:30 PM,9:00 AM–4:30 PM,9:00 AM–4:30 PM,9:00 AM–4:30 PM,9:00 AM–4:30 PM,,Klondike Gold Rush Visitor Center,291 Broadway ,Skagway,Alaska,99840,9:00 AM–4:30 PM,9:00 AM–4:30 PM,9:00 AM–4:30 PM,9:00 AM–4:30 PM,9:00 AM–4:30 PM,9:00 AM–4:30 PM,9:00 AM–4:30 PM
ALASKA:,Book,,,Kobuk Valley NP,171 3rd Ave,Kotzebue,Alaska,99752,Open,Open,Open,Open,Open,Open,Open,,Northwest Arctic Heritage Center,171 3rd Ave,Kotzebue,Alaska,99752,Closed,9:00 AM–5:00 PM,9:00 AM–5:00 PM,9:00 AM–5:00 PM,9:00 AM–5:00 PM,9:00 AM–5:00 PM,Closed
ALASKA:,Book,,,Lake Clark NP & PRES,1 Park Place,Port Alsworth,Alaska,99653,Open,Open,Open,Open,Open,Open,Open,,Port Alsworth Visitor Center,1 Park Place,Port Alsworth,Alaska,99653,Closed,Closed,10:00 AM–4:30 PM,10:00 AM–4:30 PM,10:00 AM–4:30 PM,10:00 AM–4:30 PM,10:00 AM–4:30 PM
ALASKA:,Book,,,Noatak N PRES,171 3rd Ave,Kotzebue,Alaska,99752,Open,Open,Open,Open,Open,Open,Open,,Northwest Arctic Heritage Center,171 Third Ave,Kotzebue,Alaska,99752,Closed,9:00 AM–5:30 PM,9:00 AM–5:30 PM,9:00 AM–5:30 PM,9:00 AM–5:30 PM,9:00 AM–5:30 PM,Closed
ALASKA:,Book,,,Sitka NHP,103 Monastery St,Sitka,Alaska,99835,7:00 AM–8:00 PM,7:00 AM–8:00 PM,7:00 AM–8:00 PM,7:00 AM–8:00 PM,7:00 AM–8:00 PM,7:00 AM–8:00 PM,7:00 AM–8:00 PM,,Russian Bishop's House,501 Lincoln St,Sitka,Alaska,99835,9:00 AM–5:00 PM,9:00 AM–5:00 PM,9:00 AM–5:00 PM,9:00 AM–5:00 PM,9:00 AM–5:00 PM,9:00 AM–5:00 PM,9:00 AM–5:00 PM
ALASKA:,Book,,,Wrangell-St. Elias NP & PRES,104 Richardson Hwy,Copper Center,Alaska,99573,Open,Open,Open,Open,Open,Open,Open,,Wrangell-St. Elias Visitor Center,104 Richardson Hwy,Copper Center,Alaska,99573,9:00 AM–5:00 PM,9:00 AM–5:00 PM,9:00 AM–5:00 PM,9:00 AM–5:00 PM,9:00 AM–5:00 PM,9:00 AM–5:00 PM,9:00 AM–5:00 PM
ALASKA:,Book,,,Yukon-Charley Rivers N PRES,4175 Geist Rd,Fairbanks,Alaska,99709,Open,Open,Open,Open,Open,Open,Open,,Fairbanks Alaska Public Lands Information Center,101 Dunkel St,Fairbanks,Alaska,99701,8:00 AM–5:00 PM,8:00 AM–5:00 PM,8:00 AM–5:00 PM,8:00 AM–5:00 PM,8:00 AM–5:00 PM,8:00 AM–5:00 PM,8:00 AM–5:00 PM
,,,,,,,,,,,,,,,,,,,,,,,,,,,,
ARIZONA:,Book,,,Canyon de Chelly NM,Indn Rte 7,Chinle,Arizona,86503,Open,Open,Open,Open,Open,Open,Open,,Canyon de Chelly National Monument Welcome Center,Indn Rte 7,Chinle,Arizona,86503,8:00 AM–5:00 PM,8:00 AM–5:00 PM,8:00 AM–5:00 PM,8:00 AM–5:00 PM,8:00 AM–5:00 PM,8:00 AM–5:00 PM,8:00 AM–5:00 PM
ARIZONA:,Book,,,Casa Grande Ruins NM,1100 W Ruins Dr,Coolidge,Arizona,85128,9:00 AM–4:00 PM,9:00 AM–4:00 PM,9:00 AM–4:00 PM,9:00 AM–4:00 PM,9:00 AM–4:00 PM,9:00 AM–4:00 PM,9:00 AM–4:00 PM,,Casa Grande Ruins National Monument,1100 W Ruins Dr,Coolidge,Arizona,85128,9:00 AM–4:00 PM,9:00 AM–4:00 PM,9:00 AM–4:00 PM,9:00 AM–4:00 PM,9:00 AM–4:00 PM,9:00 AM–4:00 PM,9:00 AM–4:00 PM
ARIZONA:,Book,,,Chiricahua NM,13063 E Bonita Canyon Rd,Willcox,Arizona,85643,Open,Open,Open,Open,Open,Open,Open,,Chiricahua National Monument Visitor Center,12856 E Rhyolite Creek Rd,Willcox,Arizona,85643,8:30 AM–4:30 PM,8:30 AM–4:30 PM,8:30 AM–4:30 PM,8:30 AM–4:30 PM,8:30 AM–4:30 PM,8:30 AM–4:30 PM,8:30 AM–4:30 PM
ARIZONA:,Book,,,Coronado N MEM,4101 W Montezuma Canyon Rd,Hereford,Arizona,85615,8:00 AM–4:00 PM,8:00 AM–4:00 PM,8:00 AM–4:00 PM,8:00 AM–4:00 PM,8:00 AM–4:00 PM,8:00 AM–4:00 PM,8:00 AM–4:00 PM,,Coronado National Memorial Visitor Center,4101 W Montezuma Canyon Rd,Hereford,Arizona,85615,8:00 AM–4:00 PM,8:00 AM–4:00 PM,8:00 AM–4:00 PM,8:00 AM–4:00 PM,8:00 AM–4:00 PM,8:00 AM–4:00 PM,8:00 AM–4:00 PM
ARIZONA:,Book,,,Fort Bowie NHS,3500 S Apache Pass Rd,Bowie,Arizona,85605,8:30 AM–4:00 PM,8:30 AM–4:00 PM,Closed,Closed,Closed,Closed,Closed,,Fort Bowie National Historic Site Visitor Center,3500 S Apache Pass Rd,Bowie,Arizona,85605,8:30 AM–4:00 PM,8:30 AM–4:00 PM,Closed,Closed,Closed,Closed,Closed
ARIZONA:,,,,GC - Parashant National Monument,,Littlefield,Arizona,86432,Open,Open,Open,Open,Open,Open,Open,,Public Lands Center,4001 East Aviator Drive,St. George,Utah,84790,Closed,8:00 AM–4:30 PM,8:00 AM–4:30 PM,8:00 AM–4:30 PM,8:00 AM–4:30 PM,8:00 AM–4:30 PM,Closed
ARIZONA:,Book,,,Glen Canyon NRA,691 Scenic View Rd Dr,Page,Arizona,86040,Open,Open,Open,Open,Open,Open,Open,,Carl Hayden Visitor Center,Hwy 89 at Glen Canyon Dam,Page,Arizona,86040,,,,,,,
ARIZONA:,Book,,,Grand Canyon NP,20 South Entrance Road,Grand Canyon,Arizona,86023,Open,Open,Open,Open,Open,Open,Open,,Grand Canyon Visitor Center (South Rim),S Entrance Rd,Grand Canyon Village,Arizona,86023,8:00 AM–4:00 PM,8:00 AM–4:00 PM,8:00 AM–4:00 PM,8:00 AM–4:00 PM,8:00 AM–4:00 PM,8:00 AM–4:00 PM,8:00 AM–4:00 PM
ARIZONA:,Book,No Stamp,,Hohokam Pima NM,,Chandler,Arizona,85249,,,,,,,,,,,,,,,,,,,,
ARIZONA:,Book,,,Hubbell Trading Post NHS,"1/2 Mile W, Hwy. 191",Ganado,Arizona,86505,8:00 AM–5:00 PM,8:00 AM–5:00 PM,8:00 AM–5:00 PM,8:00 AM–5:00 PM,8:00 AM–5:00 PM,8:00 AM–5:00 PM,8:00 AM–5:00 PM,,Hubbell Trading Post National Historic Site & Visitor Center,"1/2 Mile W, Hwy. 191",Ganado,Arizona,86505,8:00 AM–5:00 PM,8:00 AM–5:00 PM,8:00 AM–5:00 PM,8:00 AM–5:00 PM,8:00 AM–5:00 PM,8:00 AM–5:00 PM,8:00 AM–5:00 PM
ARIZONA:,Book,,,Montezuma Castle NM,2800 Montezuma Castle Rd,Camp Verde,Arizona,86322,9:00 AM–4:45 PM,9:00 AM–4:45 PM,9:00 AM–4:45 PM,9:00 AM–4:45 PM,9:00 AM–4:45 PM,9:00 AM–4:45 PM,9:00 AM–4:45 PM,,Montezuma Castle Visitor Center,2800 Montezuma Castle Rd,Camp Verde,Arizona,86322,9:00 AM–4:45 PM,9:00 AM–4:45 PM,9:00 AM–4:45 PM,9:00 AM–4:45 PM,9:00 AM–4:45 PM,9:00 AM–4:45 PM,9:00 AM–4:45 PM
ARIZONA:,Book,,,Navajo NM,AZ-564,Shonto,Arizona,86054,Open,Open,Open,Open,Open,Open,Open,,Navajo National Monument Visitor Center,,Kayenta,Arizona,86033,9:00 AM–5:00 PM,9:00 AM–5:00 PM,9:00 AM–5:00 PM,9:00 AM–5:00 PM,9:00 AM–5:00 PM,9:00 AM–5:00 PM,9:00 AM–5:00 PM
ARIZONA:,Book,,,Organ Pipe Cactus NM,10 Organ Pipe Dr,Ajo,Arizona,85321,8:00 AM–4:00 PM,8:00 AM–4:00 PM,8:00 AM–4:00 PM,8:00 AM–4:00 PM,8:00 AM–4:00 PM,8:00 AM–4:00 PM,8:00 AM–4:00 PM,,Kris Eggle Visitor Center,10 Organ Pipe Dr,Ajo,Arizona,85321,8:00 AM–4:00 PM,8:00 AM–4:00 PM,8:00 AM–4:00 PM,8:00 AM–4:00 PM,8:00 AM–4:00 PM,8:00 AM–4:00 PM,8:00 AM–4:00 PM
ARIZONA:,Book,,,Petrified Forest NP,Exit 311 Interstate 40,Petrified Forest,Arizona,86028,8:00 AM–5:00 PM,8:00 AM–5:00 PM,8:00 AM–5:00 PM,8:00 AM–5:00 PM,8:00 AM–5:00 PM,8:00 AM–5:00 PM,8:00 AM–5:00 PM,,Painted Desert Visitor Center,1 Park Rd,Petrified Forest National Park,Arizona,86028,8:00 AM–5:00 PM,8:00 AM–5:00 PM,8:00 AM–5:00 PM,8:00 AM–5:00 PM,8:00 AM–5:00 PM,8:00 AM–5:00 PM,8:00 AM–5:00 PM
ARIZONA:,Book,,,Pipe Spring NM,406 N Pipe Spring Rd,Fredonia,Arizona,86022,8:00 AM–4:30 PM,8:00 AM–4:30 PM,8:00 AM–4:30 PM,8:00 AM–4:30 PM,8:00 AM–4:30 PM,8:00 AM–4:30 PM,8:00 AM–4:30 PM,,Pipe Spring Visitor Center and Cultural Museum,406 N Pipe Spring Rd,Fredonia,Arizona,86022,8:00 AM–4:30 PM,8:00 AM–4:30 PM,8:00 AM–4:30 PM,8:00 AM–4:30 PM,8:00 AM–4:30 PM,8:00 AM–4:30 PM,8:00 AM–4:30 PM
ARIZONA:,Book,,,Saguaro NP,3693 S Old Spanish Trail,Tucson,Arizona,85730,Open,Open,Open,Open,Open,Open,Open,,Rincon Mountain Visitor Center (East),3693 S Old Spanish Trail,Tucson,Arizona,85730,8:00 AM–4:00 PM,8:00 AM–4:00 PM,8:00 AM–4:00 PM,8:00 AM–4:00 PM,8:00 AM–4:00 PM,8:00 AM–4:00 PM,8:00 AM–4:00 PM
ARIZONA:,Book,,,Sunset Crater Volcano NM,6082 Sunset Crater Road,Flagstaff,Arizona,86004,9:00 AM–4:30 PM,9:00 AM–4:30 PM,9:00 AM–4:30 PM,9:00 AM–4:30 PM,9:00 AM–4:30 PM,9:00 AM–4:30 PM,9:00 AM–4:30 PM,,Sunset Crater Volcano Visitor Center,6082 Forest Service Rd 545,Flagstaff,Arizona,86004,9:00 AM–4:30 PM,9:00 AM–4:30 PM,9:00 AM–4:30 PM,9:00 AM–4:30 PM,9:00 AM–4:30 PM,9:00 AM–4:30 PM,9:00 AM–4:30 PM
ARIZONA:,Book,,,Tonto NM,26260 AZ-188,Roosevelt,Arizona,85545,8:00 AM–5:00 PM,8:00 AM–5:00 PM,8:00 AM–5:00 PM,8:00 AM–5:00 PM,8:00 AM–5:00 PM,8:00 AM–5:00 PM,8:00 AM–5:00 PM,,Tonto National Monument Visitor Center,26260 AZ-188,Roosevelt,Arizona,85545,8:00 AM–5:00 PM,8:00 AM–5:00 PM,8:00 AM–5:00 PM,8:00 AM–5:00 PM,8:00 AM–5:00 PM,8:00 AM–5:00 PM,8:00 AM–5:00 PM
ARIZONA:,Book,,,Tumacácori NHP,1895 E I-19 Frontage Rd,Tumacacori,Arizona,85640,9:00 AM–5:00 PM,9:00 AM–5:00 PM,9:00 AM–5:00 PM,9:00 AM–5:00 PM,9:00 AM–5:00 PM,9:00 AM–5:00 PM,9:00 AM–5:00 PM,,Tumacácori Visitor Center and Museum,1891 I-19 Frontage Rd,Tumacacori,Arizona,85640,9:00 AM–5:00 PM,9:00 AM–5:00 PM,9:00 AM–5:00 PM,9:00 AM–5:00 PM,9:00 AM–5:00 PM,9:00 AM–5:00 PM,9:00 AM–5:00 PM
ARIZONA:,Book,,,Tuzigoot NM,25 Tuzigoot Rd,Clarkdale,Arizona,86324,9:00 AM–4:45 PM,9:00 AM–4:45 PM,9:00 AM–4:45 PM,9:00 AM–4:45 PM,9:00 AM–4:45 PM,9:00 AM–4:45 PM,9:00 AM–4:45 PM,,Tuzigoot Visitor Center,25 Tuzigoot Rd,Clarkdale,Arizona,86324,9:00 AM–4:45 PM,9:00 AM–4:45 PM,9:00 AM–4:45 PM,9:00 AM–4:45 PM,9:00 AM–4:45 PM,9:00 AM–4:45 PM,9:00 AM–4:45 PM
ARIZONA:,Book,,,Walnut Canyon NM,3 Walnut Canyon Road,Flagstaff,Arizona,86004,9:00 AM–5:00 PM,9:00 AM–5:00 PM,9:00 AM–5:00 PM,9:00 AM–5:00 PM,9:00 AM–5:00 PM,9:00 AM–5:00 PM,9:00 AM–5:00 PM,,Walnut Canyon Visitor Center,3 Walnut Canyon Road,Flagstaff,Arizona,86004,9:00 AM–5:00 PM,9:00 AM–5:00 PM,9:00 AM–5:00 PM,9:00 AM–5:00 PM,9:00 AM–5:00 PM,9:00 AM–5:00 PM,9:00 AM–5:00 PM
ARIZONA:,Book,,,Wupatki NM,25137 N. Sunset Crater-Wupatki Loop Rd.,Flagstaff,Arizona,86004,9:00 AM–4:30 PM,9:00 AM–4:30 PM,9:00 AM–4:30 PM,9:00 AM–4:30 PM,9:00 AM–4:30 PM,9:00 AM–4:30 PM,9:00 AM–4:30 PM,,Wupatki Visitor Center,25137 N. Sunset Crater-Wupatki Loop Rd.,Flagstaff,Arizona,86004,9:00 AM–4:30 PM,9:00 AM–4:30 PM,9:00 AM–4:30 PM,9:00 AM–4:30 PM,9:00 AM–4:30 PM,9:00 AM–4:30 PM,9:00 AM–4:30 PM
,,,,,,,,,,,,,,,,,,,,,,,,,,,,
ARKANSAS:,Book,,,Arkansas Post N MEM,1741 Old Post Rd,Gillett,Arkansas,72055,8:00 AM–5:00 PM,8:00 AM–5:00 PM,Closed,Closed,8:00 AM–5:00 PM,8:00 AM–5:00 PM,8:00 AM–5:00 PM,,Arkansas Post Visitor Center,1741 Old Post Rd,Gillett,Arkansas,72055,8:30 AM–5:00 PM,8:30 AM–5:00 PM,Closed,Closed,8:30 AM–5:00 PM,8:30 AM–5:00 PM,8:30 AM–5:00 PM
ARKANSAS:,Book,,,Buffalo NR,170 Ranger Road,St. Joe,Arkansas,72675,Open,Open,Open,Open,Open,Open,Open,,Tyler Bend Visitor Center,170 Ranger Road,St. Joe,Arkansas,72675,8:30 AM–4:00 PM,8:30 AM–4:00 PM,Closed,Closed,8:30 AM–4:00 PM,8:30 AM–4:00 PM,8:30 AM–4:00 PM
ARKANSAS:,Book,,,Fort Smith NHS,301 Parker Ave,Fort Smith,Arkansas,72901,9:00 AM–5:00 PM,9:00 AM–5:00 PM,9:00 AM–5:00 PM,9:00 AM–5:00 PM,9:00 AM–5:00 PM,9:00 AM–5:00 PM,9:00 AM–5:00 PM,,Fort Smith NHS,301 Parker Ave,Fort Smith,Arkansas,72901,9:00 AM–5:00 PM,9:00 AM–5:00 PM,9:00 AM–5:00 PM,9:00 AM–5:00 PM,9:00 AM–5:00 PM,9:00 AM–5:00 PM,9:00 AM–5:00 PM
ARKANSAS:,Book,X,,Hot Springs NP,,,Arkansas,,,,,,,,,,,,,Arkansas,,,,,,,,
ARKANSAS:,Book,,,Little Rock Central High School NHS,2120 W Daisy L Gatson Bates Dr,Little Rock,Arkansas,72202,Closed,Closed,10:00 AM–4:00 PM,10:00 AM–4:00 PM,10:00 AM–4:00 PM,10:00 AM–4:00 PM,10:00 AM–4:30 PM,,Little Rock Central High School National Historic Site Visitor Center,2120 W Daisy L Gatson Bates Dr,Little Rock,Arkansas,72202,Closed,Closed,10:00 AM–4:00 PM,10:00 AM–4:00 PM,10:00 AM–4:00 PM,10:00 AM–4:00 PM,10:00 AM–4:30 PM
ARKANSAS:,Book,,,Pea Ridge NMP,15930 National Park Dr,Garfield,Arkansas,72732,9:00 AM–5:00 PM,9:00 AM–5:00 PM,9:00 AM–5:00 PM,9:00 AM–5:00 PM,9:00 AM–5:00 PM,9:00 AM–5:00 PM,9:00 AM–5:00 PM,,Pea Ridge National Military Park,15930 National Park Dr,Garfield,Arkansas,72732,9:00 AM–5:00 PM,9:00 AM–5:00 PM,9:00 AM–5:00 PM,9:00 AM–5:00 PM,9:00 AM–5:00 PM,9:00 AM–5:00 PM,9:00 AM–5:00 PM
ARKANSAS:,Book,,,William J. Clinton Birthplace Home NHS,117 S Hervey St,Hope,Arkansas,71801,9:00 AM–4:30 PM,9:00 AM–4:30 PM,9:00 AM–4:30 PM,9:00 AM–4:30 PM,Closed,9:00 AM–4:30 PM,9:00 AM–4:30 PM,,President William Jefferson Clinton Birthplace Home National Historic Site Visitor Center,117 S Hervey St,Hope,Arkansas,71801,9:00 AM–4:30 PM,9:00 AM–4:30 PM,9:00 AM–4:30 PM,9:00 AM–4:30 PM,Closed,9:00 AM–4:30 PM,9:00 AM–4:30 PM
,,,,,,,,,,,,,,,,,,,,,,,,,,,,
CALIFORNIA:,,,,Alcatraz Island,Alcatraz Island,San Francisco Bay,California,94133,9:00 AM-4:00 PM,9:00 AM-4:00 PM,9:00 AM-4:00 PM,9:00 AM-4:00 PM,9:00 AM-4:00 PM,9:00 AM-4:00 PM,9:00 AM-4:00 PM,,Dock Ranger Station,Alcatraz Island,San Francisco Bay,California,94133,9:00 AM-4:00 PM,9:00 AM-4:00 PM,9:00 AM-4:00 PM,9:00 AM-4:00 PM,9:00 AM-4:00 PM,9:00 AM-4:00 PM,9:00 AM-4:00 PM
CALIFORNIA:,Book,,,Cabrillo NM,1800 Cabrillo Memorial Dr,San Diego,California,92106,9:00 AM–5:00 PM,9:00 AM–5:00 PM,9:00 AM–5:00 PM,9:00 AM–5:00 PM,9:00 AM–5:00 PM,9:00 AM–5:00 PM,9:00 AM–5:00 PM,,Cabrillo NM,1800 Cabrillo Memorial Dr,San Diego,California,92106,9:00 AM–5:00 PM,9:00 AM–5:00 PM,9:00 AM–5:00 PM,9:00 AM–5:00 PM,9:00 AM–5:00 PM,9:00 AM–5:00 PM,9:00 AM–5:00 PM
CALIFORNIA:,Book,,,Castle Mountains NM,2701 Barstow Road,Barstow,California,92311,Open,Open,Open,Open,Open,Open,Open,,Hole-in-the-Wall Information Center,2 Black Canyon Road,Essex,California,92332,10:00 AM-4:00 PM,10:00 AM-4:00 PM,Closed,Closed,Closed,10:00 AM-4:00 PM,10:00 AM-4:00 PM
CALIFORNIA:,Book,,,César E. Chávez National Monument,29700 Woodford-Tehachapi Rd,Keene,California,93531,10:00 AM-4:00 PM,10:00 AM-4:00 PM,10:00 AM-4:00 PM,10:00 AM-4:00 PM,10:00 AM-4:00 PM,10:00 AM-4:00 PM,10:00 AM-4:00 PM,,César E. Chávez National Monument Visitor Center,29700 Woodford-Tehachapi Rd,Keene,California,93531,10:00 AM-4:00 PM,10:00 AM-4:00 PM,10:00 AM-4:00 PM,10:00 AM-4:00 PM,10:00 AM-4:00 PM,10:00 AM-4:00 PM,10:00 AM-4:00 PM
CALIFORNIA:,Book,,,Channel Islands NP,1901 Spinnaker Drive,Ventura,California,93001,Open,Open,Open,Open,Open,Open,Open,,Channel Islands National Park Visitor Center,1901 Spinnaker Drive,Ventura,California,93001,8:30 AM-5:00 PM,8:30 AM-5:00 PM,8:30 AM-5:00 PM,8:30 AM-5:00 PM,8:30 AM-5:00 PM,8:30 AM-5:00 PM,8:30 AM-5:00 PM
CALIFORNIA:,Book,,,Death Valley NP,,Death Valley,California,92328,Open,Open,Open,Open,Open,Open,Open,,Furnace Creek Visitor Center,Airport Rd,DEATH VALLEY,California,92328,8:00 AM-5:00 PM,8:00 AM-5:00 PM,8:00 AM-5:00 PM,8:00 AM-5:00 PM,8:00 AM-5:00 PM,8:00 AM-5:00 PM,8:00 AM-5:00 PM
CALIFORNIA:,Book,,,Devils Postpile NM,Devils Postpile Road,Mammoth Lakes,California,93546,9:00 AM–5:00 PM,9:00 AM–5:00 PM,9:00 AM–5:00 PM,9:00 AM–5:00 PM,9:00 AM–5:00 PM,9:00 AM–5:00 PM,9:00 AM–5:00 PM,,Devils Postpile Ranger Station,Devils Postpile Road,Mammoth Lakes,California,93546,9:00 AM–5:00 PM,9:00 AM–5:00 PM,9:00 AM–5:00 PM,9:00 AM–5:00 PM,9:00 AM–5:00 PM,9:00 AM–5:00 PM,9:00 AM–5:00 PM
CALIFORNIA:,Book,,,Eugene O’Neill NHS,1000 Kuss Rd,Danville,California,94526,10:00 AM-4:30 PM,Closed,Closed,10:00 AM-4:30 PM,10:00 AM-4:30 PM,10:00 AM-4:30 PM,10:00 AM-4:30 PM,,Eugene O'Neill National Historic Site,1000 Kuss Rd,Danville,California,94526,10:00 AM-4:30 PM,Closed,Closed,10:00 AM-4:30 PM,10:00 AM-4:30 PM,10:00 AM-4:30 PM,10:00 AM-4:30 PM
CALIFORNIA:,Book,,,Fort Point NHS,201 Marine Dr,San Francisco,California,94129,10:00 AM–5:00 PM,10:00 AM–5:00 PM,Closed,Closed,10:00 AM–5:00 PM,10:00 AM–5:00 PM,10:00 AM–5:00 PM,,Fort Point NHS,201 Marine Dr,San Francisco,California,94129,10:00 AM–5:00 PM,10:00 AM–5:00 PM,Closed,Closed,10:00 AM–5:00 PM,10:00 AM–5:00 PM,10:00 AM–5:00 PM
CALIFORNIA:,Book,,,Golden Gate NRA,201 Fort Mason,San Francisco,California,94123,Open,Open,Open,Open,Open,Open,Open,,Golden Gate Bridge Welcome Center,Golden Gate Bridge Plaza,San Francisco,California,94129,9:00 AM–6:00 PM,9:00 AM–6:00 PM,9:00 AM–6:00 PM,9:00 AM–6:00 PM,9:00 AM–6:00 PM,9:00 AM–6:00 PM,9:00 AM–6:00 PM
CALIFORNIA:,Book,,,John Muir NHS,4202 Alhambra Ave,Martinez,California,94553,10:00 AM–5:00 PM,10:00 AM–5:00 PM,10:00 AM–5:00 PM,10:00 AM–5:00 PM,10:00 AM–5:00 PM,10:00 AM–5:00 PM,10:00 AM–5:00 PM,,John Muir National Historic Site Visitor Center,4202 Alhambra Ave,Martinez,California,94553,10:00 AM–5:00 PM,10:00 AM–5:00 PM,10:00 AM–5:00 PM,10:00 AM–5:00 PM,10:00 AM–5:00 PM,10:00 AM–5:00 PM,10:00 AM–5:00 PM
CALIFORNIA:,Book,,,Joshua Tree NP,74485 National Park Drive,Twentynine Palms,California,92277,Open,Open,Open,Open,Open,Open,Open,,Joshua Tree Visitor Center,6533 Freedom Wy,Twentynine Palms,California,92277,8:00 AM–5:00 PM,8:00 AM–5:00 PM,8:00 AM–5:00 PM,8:00 AM–5:00 PM,8:00 AM–5:00 PM,8:00 AM–5:00 PM,8:00 AM–5:00 PM
CALIFORNIA:,Book,,,Kings Canyon NP,47050 Generals Highway,Three Rivers,California,93271,Open,Open,Open,Open,Open,Open,Open,,Kings Canyon Visitor Center,83918 CA-180,Grant Grove Village,California,93633,9:00 AM–4:30 PM,9:00 AM–4:30 PM,9:00 AM–4:30 PM,9:00 AM–4:30 PM,9:00 AM–4:30 PM,9:00 AM–4:30 PM,9:00 AM–4:30 PM
CALIFORNIA:,Book,,,Lassen Volcanic NP,38050 Highway 36 East,Mineral,California,96063,Open,Open,Open,Open,Open,Open,Open,,Kohm Yah-mah-nee Visitor Center,21820 Lassen Peak Hwy,Mineral,California,96063,9:30 AM-4:30 PM,9:30 AM-4:30 PM,9:30 AM-4:30 PM,9:30 AM-4:30 PM,9:30 AM-4:30 PM,9:30 AM-4:30 PM,9:30 AM-4:30 PM
CALIFORNIA:,Book,,,Lava Beds NM,1 Indian Well,Tulelake,California,96134,9:30 AM-4:00 PM,9:30 AM-4:00 PM,9:30 AM-4:00 PM,9:30 AM-4:00 PM,9:30 AM-4:00 PM,9:30 AM-4:00 PM,9:30 AM-4:00 PM,,Lava Beds Visitor Center,1 Indian Well,Tulelake,California,96134,9:30 AM-4:00 PM,9:30 AM-4:00 PM,9:30 AM-4:00 PM,9:30 AM-4:00 PM,9:30 AM-4:00 PM,9:30 AM-4:00 PM,9:30 AM-4:00 PM
CALIFORNIA:,Book,,,Manzanar NHS,5001 Highway 395,Independence,California,93526,9:00 AM-4:15 PM,9:00 AM-4:15 PM,9:00 AM-4:15 PM,9:00 AM-4:15 PM,9:00 AM-4:15 PM,9:00 AM-4:15 PM,9:00 AM-4:15 PM,,Manzanar NHS,5001 Highway 395,Independence,California,93526,9:00 AM-4:15 PM,9:00 AM-4:15 PM,9:00 AM-4:15 PM,9:00 AM-4:15 PM,9:00 AM-4:15 PM,9:00 AM-4:15 PM,9:00 AM-4:15 PM
CALIFORNIA:,Book,,,Mojave N PRES,90942 Kelso Cima Rd,Essex,California,92332,10:00 AM-4:00 PM,10:00 AM-4:00 PM,Closed,Closed,Closed,10:00 AM-4:00 PM,10:00 AM-4:00 PM,,Hole-in-the-Wall Information Center,2 Black Canyon Road,Essex,California,92332,10:00 AM-4:00 PM,10:00 AM-4:00 PM,Closed,Closed,Closed,10:00 AM-4:00 PM,10:00 AM-4:00 PM
CALIFORNIA:,Book,,,Muir Woods NM,1 Muir Woods Rd,Mill Valley,California,94941,8:00 AM-7:00 PM,8:00 AM-7:00 PM,8:00 AM-7:00 PM,8:00 AM-7:00 PM,8:00 AM-7:00 PM,8:00 AM-7:00 PM,8:00 AM-7:00 PM,,Muir Woods National Monument Visitor Center,1 Muir Woods Rd,Mill Valley,California,94941,8:00 AM-6:30 PM,8:00 AM-6:30 PM,8:00 AM-6:30 PM,8:00 AM-6:30 PM,8:00 AM-6:30 PM,8:00 AM-6:30 PM,8:00 AM-6:30 PM
CALIFORNIA:,Book,,,Pinnacles NP,5000 East Entrance Road,Paicines,California,95043,7:30 AM-8:00 PM,7:30 AM-8:00 PM,7:30 AM-8:00 PM,7:30 AM-8:00 PM,7:30 AM-8:00 PM,7:30 AM-8:00 PM,7:30 AM-8:00 PM,,Pinnacles Visitor Center,5000 CA-146,Paicines,California,95043,9:00 AM-6:00 PM,9:00 AM-6:00 PM,9:00 AM-6:00 PM,9:00 AM-6:00 PM,9:00 AM-6:00 PM,9:00 AM-6:00 PM,9:00 AM-6:00 PM
CALIFORNIA:,Book,,,Point Reyes NS,1 Bear Valley Road,Point Reyes Station,California,94956,6:00 AM-11:59 PM,6:00 AM-11:59 PM,6:00 AM-11:59 PM,6:00 AM-11:59 PM,6:00 AM-11:59 PM,6:00 AM-11:59 PM,6:00 AM-11:59 PM,,Bear Valley Visitor Center,1 Bear Valley Road,Point Reyes Station,California,94956,9:30 AM-5:00 PM,9:30 AM-5:00 PM,9:30 AM-5:00 PM,9:30 AM-5:00 PM,9:30 AM-5:00 PM,9:30 AM-5:00 PM,9:30 AM-5:00 PM
CALIFORNIA:,Book,,,Port Chicago Naval Magazine N MEM,4202 Alhambra Ave,Martinez,California,94553,Open,Open,Open,Open,Open,Open,Open,,John Muir National Historic Site Visitor Center,4202 Alhambra Ave,Martinez,California,94553,10:00 AM–5:00 PM,10:00 AM–5:00 PM,10:00 AM–5:00 PM,10:00 AM–5:00 PM,10:00 AM–5:00 PM,10:00 AM–5:00 PM,10:00 AM–5:00 PM
CALIFORNIA:,,,,Presidio of San Francisco,210 Lincoln Boulevard,San Francisco,California,94129,Open,Open,Open,Open,Open,Open,Open,,Presidio Visitor Center,210 Lincoln Blvd,San Francisco,California,94129,10:00 AM–5:00 PM,10:00 AM–5:00 PM,10:00 AM–5:00 PM,10:00 AM–5:00 PM,10:00 AM–5:00 PM,10:00 AM–5:00 PM,10:00 AM–5:00 PM
CALIFORNIA:,Book,,,Redwood National and State Parks,1111 Second Street,Crescent City,California,95531,Open,Open,Open,Open,Open,Open,Open,,Thomas H. Kuchel Visitor Center,"US-101 & Redwood Hwy, US-101",Orick,California,95555,9:00 AM-5:00 PM,9:00 AM-5:00 PM,9:00 AM-5:00 PM,9:00 AM-5:00 PM,9:00 AM-5:00 PM,9:00 AM-5:00 PM,9:00 AM-5:00 PM
CALIFORNIA:,Book,,,Rosie the Riveter/WWII Home Front NHP,1414 Harbour Way S #3000,Richmond,California,94804,10:00 AM-5:00 PM,10:00 AM-5:00 PM,7:00 AM-5:00 PM,7:00 AM-5:00 PM,7:00 AM-5:00 PM,7:00 AM-5:00 PM,10:00 AM-5:00 PM,,Rosie the Riveter Visitor Education Center,1414 Harbour Way S #3000,Richmond,California,94804,10:00 AM-5:00 PM,10:00 AM-5:00 PM,7:00 AM-5:00 PM,7:00 AM-5:00 PM,7:00 AM-5:00 PM,7:00 AM-5:00 PM,10:00 AM-5:00 PM
CALIFORNIA:,Book,,,San Francisco Maritime NHP,2905 Hyde Street,San Francisco,California,94109,Open,Open,Open,Open,Open,Open,Open,,San Francisco Maritime Visitor Center,499 Jefferson St,San Francisco,California,94109,10:00 AM-5:00 PM,1:00 PM-5:00 PM,1:00 PM-5:00 PM,1:00 PM-5:00 PM,1:00 PM-5:00 PM,1:00 PM-5:00 PM,10:00 AM-5:00 PM
CALIFORNIA:,Book,,,Santa Monica Mountains NRA,26876 Mulholland Highway,Calabasas,California,91302,Open,Open,Open,Open,Open,Open,Open,,Santa Monica Mountains Anthony C. Beilenson Interagency Visitor Center,26876 Mulholland Highway,Calabasas,California,91302,9:00 AM-4:00 PM,Closed,Closed,9:00 AM-4:00 PM,9:00 AM-4:00 PM,9:00 AM-4:00 PM,9:00 AM-4:00 PM
CALIFORNIA:,Book,,,Sequoia  NP,47050 Generals Highway,Three Rivers,California,93271,Open,Open,Open,Open,Open,Open,Open,,Giant Forest Museum,47050 Generals Hwy,Three Rivers,California,93271,9:00 AM-5:00 PM,9:00 AM-5:00 PM,9:00 AM-5:00 PM,9:00 AM-5:00 PM,9:00 AM-5:00 PM,9:00 AM-5:00 PM,9:00 AM-5:00 PM
CALIFORNIA:,Book,,,Tule Lake National Monument,44340 CA-139,Tulelake,California,96134,9:00 AM-4:30 PM,Closed,Closed,Closed,Closed,9:00 AM-4:30 PM,9:00 AM-4:30 PM,,Tule Lake Visitor Center,44340 CA-139,Tulelake,California,96134,9:00 AM-4:30 PM,Closed,Closed,Closed,Closed,9:00 AM-4:30 PM,9:00 AM-4:30 PM
CALIFORNIA:,Book,,,Whiskeytown NRA,14412 Kennedy Memorial Drive,Whiskeytown,California,96095,Open,Open,Open,Open,Open,Open,Open,,Whiskeytown Visitor Center,14412 JFK Mem Dr,Whiskeytown,California,96095,9:00 AM-5:00 PM,9:00 AM-5:00 PM,9:00 AM-5:00 PM,9:00 AM-5:00 PM,9:00 AM-5:00 PM,9:00 AM-5:00 PM,9:00 AM-5:00 PM
CALIFORNIA:,Book,,,Yosemite NP,9007 Village Dr,Yosemite National Park,California,95389,Open,Open,Open,Open,Open,Open,Open,,Yosemite Valley Welcome Center,9007 Village Dr,Yosemite National Park,California,95389,9:00 AM-5:00 PM,9:00 AM-5:00 PM,9:00 AM-5:00 PM,9:00 AM-5:00 PM,9:00 AM-5:00 PM,9:00 AM-5:00 PM,9:00 AM-5:00 PM
,,,,,,,,,,,,,,,,,,,,,,,,,,,,
COLORADO:,,,,Amache NHS,County Rd 23 5/10,Granada,Colorado,81041,8:00 AM-7:30 PM,8:00 AM-7:30 PM,8:00 AM-7:30 PM,8:00 AM-7:30 PM,8:00 AM-7:30 PM,8:00 AM-7:30 PM,8:00 AM-7:30 PM,,Amache Museum,205 E Goff Ave,Granada,Colorado,81041,Closed,Closed,9:00 AM-4:00 PM,9:00 AM-4:00 PM,9:00 AM-4:00 PM,9:00 AM-4:00 PM,Closed
COLORADO:,Book,,,Bent’s Old Fort NHS,35110 CO-194,La Junta,Colorado,81050,9:00 AM-4:00 PM,9:00 AM-4:00 PM,9:00 AM-4:00 PM,9:00 AM-4:00 PM,9:00 AM-4:00 PM,9:00 AM-4:00 PM,9:00 AM-4:00 PM,,Bent's Old Fort NHS,35110 CO-194,La Junta,Colorado,81050,9:00 AM-4:00 PM,9:00 AM-4:00 PM,9:00 AM-4:00 PM,9:00 AM-4:00 PM,9:00 AM-4:00 PM,9:00 AM-4:00 PM,9:00 AM-4:00 PM
COLORADO:,Book,,,Black Canyon of the Gunnison NP,9800 Highway 347,Montrose,Colorado,81401,Open,Open,Open,Open,Open,Open,Open,,South Rim Visitor Center,9800 Highway 347,Montrose,Colorado,81401,8:00 AM-5:00 PM,8:00 AM-5:00 PM,8:00 AM-5:00 PM,8:00 AM-5:00 PM,8:00 AM-5:00 PM,8:00 AM-5:00 PM,8:00 AM-5:00 PM
COLORADO:,Book,,,Colorado NM,1750 Rim Rock Drive,Fruita,Colorado,81521,Open,Open,Open,Open,Open,Open,Open,,Saddlehorn Visitor Center,1750 Rimrock Dr,Fruita,Colorado,81521,9:00 AM-5:00 PM,9:00 AM-5:00 PM,9:00 AM-5:00 PM,9:00 AM-5:00 PM,9:00 AM-5:00 PM,9:00 AM-5:00 PM,9:00 AM-5:00 PM
COLORADO:,Book,,,Curecanti NRA,102 Elk Creek,Gunnison,Colorado,81230,Open,Open,Open,Open,Open,Open,Open,,Elk Creek Visitor Center,102 Elk Creek,Gunnison,Colorado,81230,9:00 AM-4:00 PM,9:00 AM-4:00 PM,9:00 AM-4:00 PM,9:00 AM-4:00 PM,9:00 AM-4:00 PM,9:00 AM-4:00 PM,9:00 AM-4:00 PM
COLORADO:,Book,,,Dinosaur NM,11625 E 1500 S,Jensen,Utah,84035,Open,Open,Open,Open,Open,Open,Open,,Canyon Visitor Center - Colorado,4545 US-40,Dinosaur,Colorado,81610,9:00 AM-5:00 PM,9:00 AM-5:00 PM,9:00 AM-5:00 PM,9:00 AM-5:00 PM,9:00 AM-5:00 PM,9:00 AM-5:00 PM,9:00 AM-5:00 PM
COLORADO:,Book,,,Florissant Fossil Beds NM,15807 Co Rd 1,Florissant,Colorado,80816,9:00 AM-4:30 PM,9:00 AM-4:30 PM,9:00 AM-4:30 PM,9:00 AM-4:30 PM,9:00 AM-4:30 PM,9:00 AM-4:30 PM,9:00 AM-4:30 PM,,Florissant Fossil Beds Visitor Center,15807 Co Rd 1,Florissant,Colorado,80816,9:00 AM-4:30 PM,9:00 AM-4:30 PM,9:00 AM-4:30 PM,9:00 AM-4:30 PM,9:00 AM-4:30 PM,9:00 AM-4:30 PM,9:00 AM-4:30 PM
COLORADO:,Book,,,Great Sand Dunes NP & PRES,11999 State Highway 150,Mosca,Colorado,81146,Open,Open,Open,Open,Open,Open,Open,,Great Sand Dunes Visitor Center,11999 State Highway 150,Mosca,Colorado,81146,9:00 AM-4:30 PM,9:00 AM-4:30 PM,9:00 AM-4:30 PM,9:00 AM-4:30 PM,9:00 AM-4:30 PM,9:00 AM-4:30 PM,9:00 AM-4:30 PM
COLORADO:,Book,,,Hovenweep NM,Hovenweep Rd,Montezuma Creek,UTAH,84534,Open,Open,Open,Open,Open,Open,Open,,Hovenweep Visitor Center,Hovenweep Rd,Montezuma Creek,UTAH,84534,9:00 AM-4:00 PM,9:00 AM-4:00 PM,9:00 AM-4:00 PM,9:00 AM-4:00 PM,9:00 AM-4:00 PM,9:00 AM-4:00 PM,9:00 AM-4:00 PM
COLORADO:,Book,,,Mesa Verde NP,34840 Hwy 160,Mancos,Colorado,81328,Open,Open,Open,Open,Open,Open,Open,,Mesa Verde Visitor & Research Center,35853 Rd H.5,Mancos,Colorado,81328,8:30 AM-4:00 PM,8:30 AM-4:00 PM,8:30 AM-4:00 PM,8:30 AM-4:00 PM,8:30 AM-4:00 PM,8:30 AM-4:00 PM,8:30 AM-4:00 PM
COLORADO:,Book,,,Rocky Mountain NP,1000 US Hwy 36,Estes Park,Colorado,80517,Open,Open,Open,Open,Open,Open,Open,,Beaver Meadows Visitor Center,1000 US-36,Estes Park,Colorado,80517,9:00 AM-6:00 PM,9:00 AM-6:00 PM,9:00 AM-6:00 PM,9:00 AM-6:00 PM,9:00 AM-6:00 PM,9:00 AM-6:00 PM,9:00 AM-6:00 PM
COLORADO:,Book,,,Sand Creek Massacre NHS,55411 County Rd W,Eads,Colorado,81036,9:00 AM-4:00 PM,9:00 AM-4:00 PM,Closed,Closed,9:00 AM-4:00 PM,9:00 AM-4:00 PM,9:00 AM-4:00 PM,,Visitor Contact Station,55411 County Rd W,Chivington,Colorado,81036,9:00 AM-4:00 PM,9:00 AM-4:00 PM,Closed,Closed,9:00 AM-4:00 PM,9:00 AM-4:00 PM,9:00 AM-4:00 PM
COLORADO:,Book,,,Yucca House NM,County Rd 20.5,Cortez,Colorado,81321,Open,Open,Open,Open,Open,Open,Open,,Mesa Verde Visitor & Research Center,35853 Rd H.5,Mancos,Colorado,81328,8:30 AM-4:00 PM,8:30 AM-4:00 PM,8:30 AM-4:00 PM,8:30 AM-4:00 PM,8:30 AM-4:00 PM,8:30 AM-4:00 PM,8:30 AM-4:00 PM
,,,,,,,,,,,,,,,,,,,,,,,,,,,,
CONNECTICUT:,New Park,No Stamp,,Coltsville NHP,120 Huyshope Ave,Hartford,Connecticut,06106,,,,,,,,,,,,,,,,,,,,
CONNECTICUT:,Book,,,Weir Farm NHP,735 Nod Hill Rd,Wilton,Connecticut,06897,10:00 AM-4:00 PM,Closed,Closed,10:00 AM-4:00 PM,10:00 AM-4:00 PM,10:00 AM-4:00 PM,10:00 AM-4:00 PM,,Burlingham House Visitor Center,735 Nod Hill Rd,Wilton,Connecticut,06897,10:00 AM-4:00 PM,Closed,Closed,10:00 AM-4:00 PM,10:00 AM-4:00 PM,10:00 AM-4:00 PM,10:00 AM-4:00 PM
,,,,,,,,,,,,,,,,,,,,,,,,,,,,
DELAWARE:,Book,,,First State National Historical Park,211 Delaware St,New Castle,Delaware,19720,Closed,Closed,Closed,Closed,9:00 AM-4:30 PM,9:00 AM-4:30 PM,9:00 AM-4:30 PM,,Sheriff's House Welcome Center,10 Market St,New Castle,Delaware,19720,Closed,Closed,Closed,Closed,9:00 AM-4:30 PM,9:00 AM-4:30 PM,9:00 AM-4:30 PM
,,,,,,,,,,,,,,,,,,,,,,,,,,,,
FLORIDA:,Book,,,Big Cypress N PRES,33100 Tamiami Trail E,Ochopee,Florida,34141,Open,Open,Open,Open,Open,Open,Open,,Nathaniel P. Reed Visitor Center,33000 Tamiami Trail East ,Ochopee,Florida,34141,9:00 AM-4:30 PM,9:00 AM-4:30 PM,9:00 AM-4:30 PM,9:00 AM-4:30 PM,9:00 AM-4:30 PM,9:00 AM-4:30 PM,9:00 AM-4:30 PM
FLORIDA:,Book,,,Biscayne NP,9700 SW 328th Street,Homestead,Florida,33033,Open,Open,Open,Open,Open,Open,Open,,Dante Fascell Visitor Center,9700 SW 328th St,Homestead,Florida,33033,9:00 AM-5:00 PM,9:00 AM-5:00 PM,9:00 AM-5:00 PM,9:00 AM-5:00 PM,9:00 AM-5:00 PM,9:00 AM-5:00 PM,9:00 AM-5:00 PM
FLORIDA:,Book,,,Canaveral NS,7611 Atlantic Ave S,New Smyrna Beach,Florida,32169,6:00 AM-8:00 PM,6:00 AM-8:00 PM,6:00 AM-8:00 PM,6:00 AM-8:00 PM,6:00 AM-8:00 PM,6:00 AM-8:00 PM,6:00 AM-8:00 PM,,Apollo Beach Visitor Center,7611 S. Atlantic Ave,New Smyrna Beach,Florida,32169,9:00 AM-5:00 PM,9:00 AM-5:00 PM,9:00 AM-5:00 PM,9:00 AM-5:00 PM,9:00 AM-5:00 PM,9:00 AM-5:00 PM,9:00 AM-5:00 PM
FLORIDA:,Book,,,Castillo de San Marcos NM,11 S Castillo Dr,St. Augustine,Florida,32084,9:00 AM-5:00 PM,9:00 AM-5:00 PM,9:00 AM-5:00 PM,9:00 AM-5:00 PM,9:00 AM-5:00 PM,9:00 AM-5:00 PM,9:00 AM-5:00 PM,,Castillo de San Marcos Admission Center,11 S Castillo Dr,St. Augustine,Florida,32084,9:00 AM-5:00 PM,9:00 AM-5:00 PM,9:00 AM-5:00 PM,9:00 AM-5:00 PM,9:00 AM-5:00 PM,9:00 AM-5:00 PM,9:00 AM-5:00 PM
FLORIDA:,Book,,,De Soto N MEM,8300 Desoto Memorial Hwy,Bradenton,Florida,34209,8:00 AM-5:00 PM,8:00 AM-5:00 PM,8:00 AM-5:00 PM,8:00 AM-5:00 PM,8:00 AM-5:00 PM,8:00 AM-5:00 PM,8:00 AM-5:00 PM,,De Soto National Memorial Visitor Reception Tent,8300 Desoto Memorial Hwy,Bradenton,Florida,34209,8:00 AM-5:00 PM,8:00 AM-5:00 PM,8:00 AM-5:00 PM,8:00 AM-5:00 PM,8:00 AM-5:00 PM,8:00 AM-5:00 PM,8:00 AM-5:00 PM
FLORIDA:,Book,,,Dry Tortugas NP,40001 SR-9336,Homestead,Florida,33034,Open,Open,Open,Open,Open,Open,Open,,Garden Key Visitor Center,Fort Jefferson,Key West,Florida,33040,8:30 AM-4:30 PM,8:30 AM-4:30 PM,8:30 AM-4:30 PM,8:30 AM-4:30 PM,8:30 AM-4:30 PM,8:30 AM-4:30 PM,8:30 AM-4:30 PM
FLORIDA:,Book,,,Everglades NP,40001 SR-9336,Homestead,Florida,33034,9:00 AM-5:00 PM,9:00 AM-5:00 PM,9:00 AM-5:00 PM,9:00 AM-5:00 PM,9:00 AM-5:00 PM,9:00 AM-5:00 PM,9:00 AM-5:00 PM,,Ernest Coe Visitor Center,40001 SR-9336,Homestead,Florida,33034,9:00 AM-5:00 PM,9:00 AM-5:00 PM,9:00 AM-5:00 PM,9:00 AM-5:00 PM,9:00 AM-5:00 PM,9:00 AM-5:00 PM,9:00 AM-5:00 PM
FLORIDA:,Book,,,Fort Caroline N MEM,12713 Fort Caroline Rd,Jacksonville,Florida,32225,9:00 AM-5:00 PM,Closed,Closed,9:00 AM-5:00 PM,9:00 AM-5:00 PM,9:00 AM-5:00 PM,9:00 AM-5:00 PM,,Timucuan Preserve Visitor Center at Fort Caroline,12751 Fort Caroline Rd,Jacksonville,Florida,32225,9:00 AM-4:30 PM,Closed,Closed,9:00 AM-4:30 PM,9:00 AM-4:30 PM,9:00 AM-4:30 PM,9:00 AM-4:30 PM
FLORIDA:,Book,,,Fort Matanzas NM,8635 A1A S,St. Augustine,Florida,32080,9:00 AM-5:30 PM,9:00 AM-5:30 PM,9:00 AM-5:30 PM,9:00 AM-5:30 PM,9:00 AM-5:30 PM,9:00 AM-5:30 PM,9:00 AM-5:30 PM,,Fort Matanzas Visitor Center,8635 A1A S,St. Augustine,Florida,32080,9:00 AM-5:00 PM,9:00 AM-5:00 PM,9:00 AM-5:00 PM,9:00 AM-5:00 PM,9:00 AM-5:00 PM,9:00 AM-5:00 PM,9:00 AM-5:00 PM
FLORIDA:,Book,,,Gulf Islands NS,1400 Fort Pickens Rd,Pensacola Beach,Florida,32561,Open,Open,Open,Open,Open,Open,Open,,Fort Pickens Park Store,1400 Fort Pickens Rd,Pensacola Beach,Florida,32561,9:00 AM-4:30 PM,9:00 AM-4:30 PM,9:00 AM-4:30 PM,9:00 AM-4:30 PM,9:00 AM-4:30 PM,9:00 AM-4:30 PM,9:00 AM-4:30 PM
FLORIDA:,Book,,,Timucuan Ecological and Historic PRES,12713 Ft Caroline Rd,Jacksonville,Florida,32225,9:00 AM-5:00 PM,Closed,Closed,9:00 AM-5:00 PM,9:00 AM-5:00 PM,9:00 AM-5:00 PM,9:00 AM-5:00 PM,,Timucuan Preserve Visitor Center at Fort Caroline,12751 Fort Caroline Rd,Jacksonville,Florida,32225,9:00 AM-4:30 PM,9:00 AM-4:30 PM,9:00 AM-4:30 PM,9:00 AM-4:30 PM,9:00 AM-4:30 PM,9:00 AM-4:30 PM,9:00 AM-4:30 PM
,,,,,,,,,,,,,,,,,,,,,,,,,,,,
GEORGIA:,Book,,,Andersonville NHS,760 POW Rd,Andersonville,Georgia,31711,8:00 AM-5:00 PM,8:00 AM-5:00 PM,8:00 AM-5:00 PM,8:00 AM-5:00 PM,8:00 AM-5:00 PM,8:00 AM-5:00 PM,8:00 AM-5:00 PM,,National Prisoner of War Museum,5VWF+X6,Andersonville,Georgia,31711,9:30 AM-4:30 PM,9:30 AM-4:30 PM,9:30 AM-4:30 PM,9:30 AM-4:30 PM,9:30 AM-4:30 PM,9:30 AM-4:30 PM,9:30 AM-4:30 PM
GEORGIA:,Book,,,Chattahoochee River NRA,8800 Roberts Drive,Sandy Springs,Georgia,30350,9:00 AM-5:00 PM,9:00 AM-5:00 PM,9:00 AM-5:00 PM,9:00 AM-5:00 PM,9:00 AM-5:00 PM,9:00 AM-5:00 PM,9:00 AM-5:00 PM,,Island Ford Visitor Center,1978 Island Ford Pkwy,Sandy Springs,Georgia,30350,9:00 AM-5:00 PM,9:00 AM-5:00 PM,9:00 AM-5:00 PM,9:00 AM-5:00 PM,9:00 AM-5:00 PM,9:00 AM-5:00 PM,9:00 AM-5:00 PM
GEORGIA:,Book,,,Chickamauga & Chattanooga NMP,3370 LaFayette Road,Fort Oglethorpe,Georgia,30742,Open,Open,Open,Open,Open,Open,Open,,Chickamauga Battlefield Visitor Center,3370 Lafayette Rd,Fort Oglethorpe,Georgia,30742,8:30 AM-5:00 PM,8:30 AM-5:00 PM,8:30 AM-5:00 PM,8:30 AM-5:00 PM,8:30 AM-5:00 PM,8:30 AM-5:00 PM,8:30 AM-5:00 PM
GEORGIA:,Book,,,Cumberland Island NS,113 St. Marys St W,St Marys,Georgia,31558,Open,Open,Open,Open,Open,Open,Open,,Mainland Visitor Center,113 St. Marys St W,St Marys,Georgia,31558,8:00 AM-4:00 PM,8:00 AM-4:00 PM,8:00 AM-4:00 PM,8:00 AM-4:00 PM,8:00 AM-4:00 PM,8:00 AM-4:00 PM,8:00 AM-4:00 PM
GEORGIA:,Book,,,Fort Frederica NM,6515 Frederica Rd.,St. Simons Island,Georgia,31522,9:00 AM-5:00 PM,9:00 AM-5:00 PM,9:00 AM-5:00 PM,9:00 AM-5:00 PM,9:00 AM-5:00 PM,9:00 AM-5:00 PM,9:00 AM-5:00 PM,,Fort Frederica Visitor Center,6515 Frederica Rd.,St. Simons Island,Georgia,31522,9:00 AM-5:00 PM,9:00 AM-5:00 PM,9:00 AM-5:00 PM,9:00 AM-5:00 PM,9:00 AM-5:00 PM,9:00 AM-5:00 PM,9:00 AM-5:00 PM
GEORGIA:,Book,,,Fort Pulaski NM,101 Fort Pulaski Rd,Savannah,Georgia,31410,9:00 AM-5:00 PM,9:00 AM-5:00 PM,9:00 AM-5:00 PM,9:00 AM-5:00 PM,9:00 AM-5:00 PM,9:00 AM-5:00 PM,9:00 AM-5:00 PM,,Fort Pulaski Visitor Center,101 Fort Pulaski Rd,Savannah,Georgia,31410,9:00 AM-5:00 PM,9:00 AM-5:00 PM,9:00 AM-5:00 PM,9:00 AM-5:00 PM,9:00 AM-5:00 PM,9:00 AM-5:00 PM,9:00 AM-5:00 PM
GEORGIA:,Book,,,Jimmy Carter NHP,300 North Bond Street,Plains,Georgia,31780,10:00 AM-5:00 PM,10:00 AM-5:00 PM,10:00 AM-5:00 PM,10:00 AM-5:00 PM,10:00 AM-5:00 PM,10:00 AM-5:00 PM,10:00 AM-5:00 PM,,Plains High School Visitor Center and Museum,300 North Bond Street,Plains,Georgia,31780,10:00 AM-5:00 PM,10:00 AM-5:00 PM,10:00 AM-5:00 PM,10:00 AM-5:00 PM,10:00 AM-5:00 PM,10:00 AM-5:00 PM,10:00 AM-5:00 PM
GEORGIA:,Book,,,Kennesaw Mountain NBP,900 Kennesaw Mountain Dr,Kennesaw,Georgia,30152,6:30 AM-6:00 PM,6:30 AM-6:00 PM,6:30 AM-6:00 PM,6:30 AM-6:00 PM,6:30 AM-6:00 PM,6:30 AM-6:00 PM,6:30 AM-6:00 PM,,Kennesaw Mountain National Battlefield Park Visitor Center,900 Kennesaw Mountain Dr,Kennesaw,Georgia,30152,9:00 AM-5:00 PM,9:00 AM-5:00 PM,9:00 AM-5:00 PM,9:00 AM-5:00 PM,9:00 AM-5:00 PM,9:00 AM-5:00 PM,9:00 AM-5:00 PM
GEORGIA:,Book,,,"Martin Luther King, Jr. NHP",450 Auburn Ave NE,Atlanta,Georgia,30312,9:00 AM-5:00 PM,9:00 AM-5:00 PM,9:00 AM-5:00 PM,9:00 AM-5:00 PM,9:00 AM-5:00 PM,9:00 AM-5:00 PM,9:00 AM-5:00 PM,,"Martin Luther King, Jr. National Historical Park Visitor Center",450 Auburn Ave NE,Atlanta,Georgia,30312,9:00 AM-5:00 PM,9:00 AM-5:00 PM,9:00 AM-5:00 PM,9:00 AM-5:00 PM,9:00 AM-5:00 PM,9:00 AM-5:00 PM,9:00 AM-5:00 PM
GEORGIA:,Book,,,Ocmulgee NHP,1207 Emery Hwy,Macon,Georgia,31217,8:00 AM-5:00 PM,8:00 AM-5:00 PM,8:00 AM-5:00 PM,8:00 AM-5:00 PM,8:00 AM-5:00 PM,8:00 AM-5:00 PM,8:00 AM-5:00 PM,,Ocmulgee Mounds Visitor Center,1207 Emery Hwy,Macon,Georgia,31217,9:00 AM-5:00 PM,9:00 AM-5:00 PM,9:00 AM-5:00 PM,9:00 AM-5:00 PM,9:00 AM-5:00 PM,9:00 AM-5:00 PM,9:00 AM-5:00 PM
,,,,,,,,,,,,,,,,,,,,,,,,,,,,
HAWAII:,Book,,,Haleakala NP,,,Hawaii,,Open,Open,Open,Open,Open,Open,Open,,Haleakalā Visitor Center,Haleakala Hwy,Kula,Hawaii,96790,8:30 AM-4:30 PM,8:30 AM-4:30 PM,8:30 AM-4:30 PM,8:30 AM-4:30 PM,8:30 AM-4:30 PM,8:30 AM-4:30 PM,8:30 AM-4:30 PM
HAWAII:,Book,,,Hawaii Volcanoes NP,1 Crater Rim Drive,Hawaii National Park,Hawaii,96718,Open,Open,Open,Open,Open,Open,Open,,Kīlauea Visitor Center,1 Crater Rim Drive,Volcano,Hawaii,96785,9:00 AM-5:00 PM,9:00 AM-5:00 PM,9:00 AM-5:00 PM,9:00 AM-5:00 PM,9:00 AM-5:00 PM,9:00 AM-5:00 PM,9:00 AM-5:00 PM
HAWAII:,Book,,,Honouliuli NHS,,Waipahu,Hawaii,96797,Open,Open,Open,Open,Open,Open,Open,,Pearl Harbor National Memorial's visitor center,,,Hawaii,,,,,,,,
HAWAII:,Book,,,Kalaupapa NHP,7 Puahi Street,Kalaupapa,Hawaii,96742,Open,Open,Open,Open,Open,Open,Open,,Kalaupapa National Historical Park Visitor Center,7 Bishop Rd,Kalaupapa,Hawaii,96742,,,,,,,
HAWAII:,Book,,,Kaloko-Honokohau NHP,73-4786 Kanalani St. #14,Kailua-Kona,Hawaii,96740,Open,Open,Open,Open,Open,Open,Open,,Hale Ho'okipa Visitor Center,74-4968 Queen Ka'ahumanu Hwy,Kailua-Kona,Hawaii,96740,8:30 AM-4:00 PM,8:30 AM-4:00 PM,8:30 AM-4:00 PM,8:30 AM-4:00 PM,8:30 AM-4:00 PM,8:30 AM-4:00 PM,8:30 AM-4:00 PM
HAWAII:,Book,,,Pearl Harbor N MEM,1 Arizona Memorial Pl,Honolulu,Hawaii,96818,7:00 AM-5:00 PM,7:00 AM-5:00 PM,7:00 AM-5:00 PM,7:00 AM-5:00 PM,7:00 AM-5:00 PM,7:00 AM-5:00 PM,7:00 AM-5:00 PM,,Pearl Harbor Historic Sites Visitor Center,1 Arizona Memorial Pl,Honolulu,Hawaii,96818,7:00 AM-5:00 PM,7:00 AM-5:00 PM,7:00 AM-5:00 PM,7:00 AM-5:00 PM,7:00 AM-5:00 PM,7:00 AM-5:00 PM,7:00 AM-5:00 PM
HAWAII:,Book,,,Pu’uhonua o Honaunau NHP,84-5559 Keala o Keawe Rd. HWY 160,Hōnaunau,Hawaii,96726,8:15 AM-5:00 PM,8:15 AM-5:00 PM,8:15 AM-5:00 PM,8:15 AM-5:00 PM,8:15 AM-5:00 PM,8:15 AM-5:00 PM,8:15 AM-5:00 PM,,Puʻuhonua o Hōnaunau National Historical Park Visitor Center,State Hwy 160,Hōnaunau,Hawaii,96726,8:30 AM-4:30 PM,8:30 AM-4:30 PM,8:30 AM-4:30 PM,8:30 AM-4:30 PM,8:30 AM-4:30 PM,8:30 AM-4:30 PM,8:30 AM-4:30 PM
HAWAII:,Book,,,Pu’ukohola Heiau NHS,62-3601 Kawaihae Road,Kawaihae,Hawaii,96743,7:30 AM-5:00 PM,7:30 AM-5:00 PM,7:30 AM-5:00 PM,7:30 AM-5:00 PM,7:30 AM-5:00 PM,7:30 AM-5:00 PM,7:30 AM-5:00 PM,,Pu'ukoholā Heiau National Historic Site,62-3601 Kawaihae Road,Kawaihae,Hawaii,96743,7:30 AM-5:00 PM,7:30 AM-5:00 PM,7:30 AM-5:00 PM,7:30 AM-5:00 PM,7:30 AM-5:00 PM,7:30 AM-5:00 PM,7:30 AM-5:00 PM
,,,,,,,,,,,,,,,,,,,,,,,,,,,,
IDAHO:,Book,,,City of Rocks N RES,3035 Elba-Almo Road,Almo,Idaho,83312,Open,Open,Open,Open,Open,Open,Open,,City of Rocks Visitor Center,3035 Elba-Almo Road,Almo,Idaho,83312,8:00 AM-4:30 PM,8:00 AM-4:30 PM,8:00 AM-4:30 PM,8:00 AM-4:30 PM,8:00 AM-4:30 PM,8:00 AM-4:30 PM,8:00 AM-4:30 PM
IDAHO:,Book,,,Craters of the Moon NM & PRES,1266 Craters Loop Road,Arco,Idaho,83213,Open,Open,Open,Open,Open,Open,Open,,Robert Limbert Visitor Center,1266 Craters Loop Road,Arco,Idaho,83213,8:00 AM-6:00 PM,8:00 AM-6:00 PM,8:00 AM-6:00 PM,8:00 AM-6:00 PM,8:00 AM-6:00 PM,8:00 AM-6:00 PM,8:00 AM-6:00 PM
IDAHO:,Book,,,Hagerman Fossil Beds NM,17970 U.S. Hwy 30,Hagerman,Idaho,83332,Open,Open,Open,Open,Open,Open,Open,,Thousand Springs Visitor Center,17970 U.S. Hwy 30,Hagerman,Idaho,83332,9:00 AM-3:00 PM,9:00 AM-3:00 PM,Closed,Closed,9:00 AM-3:00 PM,9:00 AM-3:00 PM,9:00 AM-3:00 PM
IDAHO:,Book,,,Minidoka NHS ,1428 Hunt Rd,Jerome,Idaho,83338,10:00 AM-500 PM,Closed,Closed,Closed,Closed,10:00 AM-500 PM,10:00 AM-500 PM,,Minidoka Visitor Center,1428 Hunt Rd,Jerome,Idaho,83338,10:00 AM-500 PM,Closed,Closed,Closed,Closed,10:00 AM-500 PM,10:00 AM-500 PM
IDAHO:,Book,,,Nez Perce NHP,39063 US Hwy 95,Lapwai,Idaho,83540,,,,,,,,,Nez Perce National Historical Park Visitor Center,39063 US-95,Lapwai,Idaho,83540,8:30 AM-4:00 PM,Closed,Closed,8:30 AM-4:00 PM,8:30 AM-4:00 PM,8:30 AM-4:00 PM,8:30 AM-4:00 PM
,,,,,,,,,,,,,,,,,,,,,,,,,,,,
ILLINOIS:,Book,,,Emmett Till and Mamie Till-Mobley NM,4005 S State St,Chicago,Illinois,60609,Exterior Only,Exterior Only,Exterior Only,Exterior Only,Exterior Only,Exterior Only,Exterior Only,,Pullman National Historical Park,610 E 111th St,Chicago,Illinois,60628,10:00 Am-4:00 PM,Closed,Closed,10:00 Am-4:00 PM,10:00 Am-4:00 PM,10:00 Am-4:00 PM,10:00 Am-4:00 PM
ILLINOIS:,Book,X,,Lincoln Home NHS,,,Illinois,,,,,,,,,,,,,Illinois,,,,,,,,
ILLINOIS:,Book,X,,New Philadelphia NHS,,,Illinois,,,,,,,,,,,,,Illinois,,,,,,,,
ILLINOIS:,Book,,,Pullman NHP,610 E 111th St,Chicago,Illinois,60628,10:00 AM-4 :00 PM,Closed,Closed,10:00 AM-4 :00 PM,10:00 AM-4 :00 PM,10:00 AM-4 :00 PM,10:00 AM-4 :00 PM,,Administration Clock Tower Building Visitor Center,610 E 111th St,Chicago,Illinois,60628,10:00 AM-4 :00 PM,Closed,Closed,10:00 AM-4 :00 PM,10:00 AM-4 :00 PM,10:00 AM-4 :00 PM,10:00 AM-4 :00 PM
ILLINOIS:,,,,Springfield 1908 Race Riot National Monument ,400 N. 9th St.,Springfield,Illinois,62702,Open,Open,Open,Open,Open,Open,Open,,Lincoln Home National Historic Site,413 S 8th St,Springfield,Illinois,62701,9:00 AM-5:00 PM,9:00 AM-5:00 PM,9:00 AM-5:00 PM,9:00 AM-5:00 PM,9:00 AM-5:00 PM,9:00 AM-5:00 PM,9:00 AM-5:00 PM
,,,,,,,,,,,,,,,,,,,,,,,,,,,,
INDIANA:,Book,,,George Rogers Clark NHP,401 S 2nd St,Vincennes,Indiana,47591,9:00 Am-5:00 PM,9:00 Am-5:00 PM,9:00 Am-5:00 PM,9:00 Am-5:00 PM,9:00 Am-5:00 PM,9:00 Am-5:00 PM,9:00 Am-5:00 PM,,George Rogers Clark National Historical Park Visitor Center,425 S 2nd St,Vincennes,Indiana,47591,9:00 AM-5:00 PM,9:00 AM-5:00 PM,9:00 AM-5:00 PM,9:00 AM-5:00 PM,9:00 AM-5:00 PM,9:00 AM-5:00 PM,9:00 AM-5:00 PM
INDIANA:,Book,,,Indiana Dunes NP,1215 IN-49,Porter,Indiana,46304,6:00 AM-11:00 PM,6:00 AM-11:00 PM,6:00 AM-11:00 PM,6:00 AM-11:00 PM,6:00 AM-11:00 PM,6:00 AM-11:00 PM,6:00 AM-11:00 PM,,Indiana Dunes Visitor Center (Dorothy Buell Memorial Visitor Center),1215 IN-49,Porter,Indiana,46304,8:30 AM-4:30 PM,8:30 AM-4:30 PM,8:30 AM-4:30 PM,8:30 AM-4:30 PM,8:30 AM-4:30 PM,8:30 AM-4:30 PM,8:30 AM-4:30 PM
INDIANA:,Book,,,Lincoln Boyhood N MEM,3027 East South Street,Lincoln City,Indiana,47552,7:00 AM-5:00 PM,7:00 AM-5:00 PM,7:00 AM-5:00 PM,7:00 AM-5:00 PM,7:00 AM-5:00 PM,7:00 AM-5:00 PM,7:00 AM-5:00 PM,,Memorial Visitor Center,3027 East South Street,Lincoln City,Indiana,47552,9:00 AM-3:00 PM,9:00 AM-3:00 PM,9:00 AM-3:00 PM,9:00 AM-3:00 PM,9:00 AM-3:00 PM,9:00 AM-3:00 PM,9:00 AM-3:00 PM
,,,,,,,,,,,,,,,,,,,,,,,,,,,,
IOWA:,Book,,,Effigy Mounds NM,151 Hwy 76,Harpers Ferry,Iowa,52146,7:00 AM-5:00 PM,7:00 AM-5:00 PM,7:00 AM-5:00 PM,7:00 AM-5:00 PM,7:00 AM-5:00 PM,7:00 AM-5:00 PM,7:00 AM-5:00 PM,,Effigy Mounds National Monument Visitor Center,151 Hwy 76,Harpers Ferry,Iowa,52146,9:00 AM-4:30 PM,9:00 AM-4:30 PM,9:00 AM-4:30 PM,9:00 AM-4:30 PM,9:00 AM-4:30 PM,9:00 AM-4:30 PM,9:00 AM-4:30 PM
IOWA:,Book,,,Herbert Hoover NHS,110 Parkside Dr.,West Branch,Iowa,52358,9:00 AM-5:00 PM,9:00 AM-5:00 PM,9:00 AM-5:00 PM,9:00 AM-5:00 PM,9:00 AM-5:00 PM,9:00 AM-5:00 PM,9:00 AM-5:00 PM,,Herbert Hoover National Historic Site Visitor Center,104 Parkside Dr,West Branch,Iowa,52358,9:00 AM-5:00 PM,9:00 AM-5:00 PM,9:00 AM-5:00 PM,9:00 AM-5:00 PM,9:00 AM-5:00 PM,9:00 AM-5:00 PM,9:00 AM-5:00 PM
,,,,,,,,,,,,,,,,,,,,,,,,,,,,
KANSAS:,Book,,,Brown v. Board of Education NHS,1515 SE Monroe Street,Topeka,Kansas,66612,Closed,Closed,9:00 AM-5:00 PM,9:00 AM-5:00 PM,9:00 AM-5:00 PM,9:00 AM-5:00 PM,9:00 AM-5:00 PM,,Brown v. Board of Education NHS,1515 SE Monroe Street,Topeka,Kansas,66612,Closed,Closed,9:00 AM-5:00 PM,9:00 AM-5:00 PM,9:00 AM-5:00 PM,9:00 AM-5:00 PM,9:00 AM-5:00 PM
KANSAS:,Book,,,Fort Larned NHS,1767 KS-156,Larned,Kansas,67550,8:30 AM-4:30 PM,8:30 AM-4:30 PM,8:30 AM-4:30 PM,8:30 AM-4:30 PM,8:30 AM-4:30 PM,8:30 AM-4:30 PM,8:30 AM-4:30 PM,,Fort Larned Visitor Center,1767 KS-156,Larned,Kansas,67550,8:30 AM-4:30 PM,8:30 AM-4:30 PM,8:30 AM-4:30 PM,8:30 AM-4:30 PM,8:30 AM-4:30 PM,8:30 AM-4:30 PM,8:30 AM-4:30 PM
KANSAS:,Book,,,Fort Scott NHS,1 Old Fort Blvd.,Fort Scott,Kansas,66701,7:00 AM-5:00 PM,7:00 AM-5:00 PM,7:00 AM-5:00 PM,7:00 AM-5:00 PM,7:00 AM-5:00 PM,7:00 AM-5:00 PM,7:00 AM-5:00 PM,,Post Hospital Visitor Center,199 Old Fort Blvd,Fort Scott,Kansas,66701,8:30 AM-4:30 PM,8:30 AM-4:30 PM,8:30 AM-4:30 PM,Closed,Closed,8:30 AM-4:30 PM,8:30 AM-4:30 PM
KANSAS:,Book,,,Nicodemus NHS,304 Washington Ave.,Nicodemus,Kansas,67625,9:00AM-5:00 PM,9:00AM-5:00 PM,Closed,Closed,9:00AM-5:00 PM,9:00AM-5:00 PM,9:00AM-5:00 PM,,Township Hall and Visitor Center,304 Washington Ave.,Nicodemus,Kansas,67625,9:00AM-5:00 PM,9:00AM-5:00 PM,Closed,Closed,9:00AM-5:00 PM,9:00AM-5:00 PM,9:00AM-5:00 PM
KANSAS:,Book,,,Tallgrass Prairie N PRES,2480B KS Hwy 177,Strong City,Kansas,66869,Open,Open,Open,Open,Open,Open,Open,,Tallgrass Prairie National Preserve Visitor Center,2480B KS Hwy 177,Strong City,Kansas,66869,9:00 AM-4:30 PM,9:00 AM-4:30 PM,9:00 AM-4:30 PM,9:00 AM-4:30 PM,9:00 AM-4:30 PM,9:00 AM-4:30 PM,9:00 AM-4:30 PM
,,,,,,,,,,,,,,,,,,,,,,,,,,,,
KENTUCKY:,Book,,,Abraham Lincoln Birthplace NHP,2995 Lincoln Farm Road,Hodgenville,Kentucky,42748,9:00 AM-5:00 PM,9:00 AM-5:00 PM,9:00 AM-5:00 PM,9:00 AM-5:00 PM,9:00 AM-5:00 PM,9:00 AM-5:00 PM,9:00 AM-5:00 PM,,Visitor Center at Abraham Lincoln Birthplace,2995 Lincoln Farm Road,Hodgenville,Kentucky,42748,9:00 AM-5:00 PM,9:00 AM-5:00 PM,9:00 AM-5:00 PM,9:00 AM-5:00 PM,9:00 AM-5:00 PM,9:00 AM-5:00 PM,9:00 AM-5:00 PM
KENTUCKY:,Book,,,Camp Nelson NM,6614 Old Danville Loop 2 Road,Nicholasville,Kentucky,40356,7:00 AM-5:00 PM,7:00 AM-5:00 PM,7:00 AM-5:00 PM,7:00 AM-5:00 PM,7:00 AM-5:00 PM,7:00 AM-5:00 PM,7:00 AM-5:00 PM,,"Camp Nelson National Monument Visitor Center, Museum, and Barracks",6614 Old Danville Loop 2 Road,Nicholasville,Kentucky,40356,9:00 AM-5:00 PM,Closed,Closed,9:00 AM-5:00 PM,9:00 AM-5:00 PM,9:00 AM-5:00 PM,9:00 AM-5:00 PM
KENTUCKY:,Book,,,Cumberland Gap NHP,100 Pinnacle View Rd.,Middlesboro,Kentucky,40965,Open,Open,Open,Open,Open,Open,Open,,Cumberland Gap National Historical Park Visitor Center,100 Pinnacle View Rd.,Middlesboro,Kentucky,40965,9:00 AM-4:00 PM,9:00 AM-4:00 PM,9:00 AM-4:00 PM,9:00 AM-4:00 PM,9:00 AM-4:00 PM,9:00 AM-4:00 PM,9:00 AM-4:00 PM
KENTUCKY:,Book,,,Mammoth Cave NP,1 Visitor Center Parkway,Mammoth Cave,Kentucky,42259,Open,Open,Open,Open,Open,Open,Open,,Mammoth Cave Visitor Center,"Quarters 43, 1 Mammoth Cave Pkwy",Mammoth Cave,Kentucky,42259,8:00 AM-4:30 PM,8:00 AM-4:30 PM,8:00 AM-4:30 PM,8:00 AM-4:30 PM,8:00 AM-4:30 PM,8:00 AM-4:30 PM,8:00 AM-4:30 PM
KENTUCKY:,Book,,,Mill Springs Battlefield NM,9020 West Highway 80,Nancy,Kentucky,42544,10:00 AM-4:00 PM,Closed,Closed,10:00 AM-4:00 PM,10:00 AM-4:00 PM,10:00 AM-4:00 PM,10:00 AM-4:00 PM,,Mill Springs Battlefield National Monument Visitor Center and Museum,9020 West Highway 80,Nancy,Kentucky,42544,10:00 AM-4:00 PM,Closed,Closed,10:00 AM-4:00 PM,10:00 AM-4:00 PM,10:00 AM-4:00 PM,10:00 AM-4:00 PM
,,,,,,,,,,,,,,,,,,,,,,,,,,,,
LOUISIANA:,Book,,,Cane River Creole NHP,400 Rapides Dr,Natchitoches,Louisiana,71457,9:00 AM-3:30 PM,9:00 AM-3:30 PM,9:00 AM-3:30 PM,9:00 AM-3:30 PM,9:00 AM-3:30 PM,9:00 AM-3:30 PM,9:00 AM-3:30 PM,,Oakland Plantation Store,4386 LA-494,Natchez,Louisiana,71456,9:00 AM-3:30 PM,9:00 AM-3:30 PM,9:00 AM-3:30 PM,9:00 AM-3:30 PM,9:00 AM-3:30 PM,9:00 AM-3:30 PM,9:00 AM-3:30 PM
LOUISIANA:,Book,,,Jean Lafitte NHP & PRES,419 Decatur Street,New Orleans,Louisiana,70130,Open,Open,Open,Open,Open,Open,Open,,Acadian Cultural Center,501 Fisher Rd,Lafayette,Louisiana,70508,,,,,,,
LOUISIANA:,Book,,,New Orleans Jazz NHP,419 Decatur St,New Orleans,Louisiana,70130,Closed,Closed,9:30 AM-4:30 PM,9:30 AM-4:30 PM,9:30 AM-4:30 PM,9:30 AM-4:30 PM,9:30 AM-4:30 PM,,New Orleans Jazz National Historical Park,419 Decatur St,New Orleans,Louisiana,70130,Closed,Closed,9:30 AM-4:30 PM,9:30 AM-4:30 PM,9:30 AM-4:30 PM,9:30 AM-4:30 PM,9:30 AM-4:30 PM
LOUISIANA:,Book,,,Poverty Point NM,6859 Hwy. 577,Pioneer,Louisiana,71266,9:00 AM-5:00 PM,9:00 AM-5:00 PM,9:00 AM-5:00 PM,9:00 AM-5:00 PM,9:00 AM-5:00 PM,9:00 AM-5:00 PM,9:00 AM-5:00 PM,,Poverty Point World Heritage Site,6859 LA-577,Pioneer,Louisiana,71266,9:00 AM-5:00 PM,9:00 AM-5:00 PM,9:00 AM-5:00 PM,9:00 AM-5:00 PM,9:00 AM-5:00 PM,9:00 AM-5:00 PM,9:00 AM-5:00 PM
,,,,,,,,,,,,,,,,,,,,,,,,,,,,
MAINE:,Book,,,Acadia NP,25 Visitor Center Road,Bar Harbor,Maine,04609,Open,Open,Open,Open,Open,Open,Open,,Hulls Cove Visitor Center,25 Visitor Center Road,Bar Harbor,Maine,04609,8:30 AM-4:30 PM,8:30 AM-4:30 PM,8:30 AM-4:30 PM,8:30 AM-4:30 PM,8:30 AM-4:30 PM,8:30 AM-4:30 PM,8:30 AM-4:30 PM
MAINE:,,,,Frances Perkins NM,478 River Road,Newcastle,Maine,4553,7:00 AM-5:00 PM,7:00 AM-5:00 PM,7:00 AM-5:00 PM,7:00 AM-5:00 PM,7:00 AM-5:00 PM,7:00 AM-5:00 PM,7:00 AM-5:00 PM,,Frances Perkins NM,478 River Road,Newcastle,Maine,4553,9:00 AM-5:00 PM,9:00 AM-5:00 PM,9:00 AM-5:00 PM,9:00 AM-5:00 PM,9:00 AM-5:00 PM,9:00 AM-5:00 PM,9:00 AM-5:00 PM
MAINE:,Book,,,Katahdin Woods and Waters NM,Swift Brook Rd,Stacyville,Maine,04777,Open,Open,Open,Open,Open,Open,Open,,Tekakapimək Contact Station,W99X+JF,Stacyville,Maine,04765,9:00 AM-3:00 PM,Closed,Closed,Closed,Closed,9:00 AM-3:00 PM,9:00 AM-3:00 PM
MAINE:,,,,Maine Acadian Culture,,St. John Valley,Maine,,Open,Open,Open,Open,Open,Open,Open,,Acadian Village,859 Main St./U.S. Route One,Van Buren,Maine,4785,12:00 PM-5:00 PM,12:00 PM-5:00 PM,12:00 PM-5:00 PM,12:00 PM-5:00 PM,12:00 PM-5:00 PM,12:00 PM-5:00 PM,12:00 PM-5:00 PM
MAINE:,Book,,,Saint Croix Island IHS,84 Saint Croix Drive,Calais,Maine,04619,8:00 AM-4:00 PM,8:00 AM-4:00 PM,Closed,Closed,8:00 AM-4:00 PM,8:00 AM-4:00 PM,8:00 AM-4:00 PM,,Saint Croix Island Ranger Station,84 St Croix Dr,Calais,Maine,4619,8:00 AM-4:00 PM,8:00 AM-4:00 PM,Closed,Closed,8:00 AM-4:00 PM,8:00 AM-4:00 PM,8:00 AM-4:00 PM
,,,,,,,,,,,,,,,,,,,,,,,,,,,,
MARYLAND:,Book,,,Antietam NB,5831 Dunker Church Rd.,Sharpsburg,Maryland,21782,9:00 AM-5:00 PM,9:00 AM-5:00 PM,9:00 AM-5:00 PM,9:00 AM-5:00 PM,9:00 AM-5:00 PM,9:00 AM-5:00 PM,9:00 AM-5:00 PM,,Antietam National Battlefield Visitor Center,5831 Dunker Church Rd.,Sharpsburg,Maryland,21782,9:00 AM-5:00 PM,9:00 AM-5:00 PM,9:00 AM-5:00 PM,9:00 AM-5:00 PM,9:00 AM-5:00 PM,9:00 AM-5:00 PM,9:00 AM-5:00 PM
MARYLAND:,Book,,,Assateague Island NS,7206 National Seashore Lane,Berlin,Maryland,21811,Open,Open,Open,Open,Open,Open,Open,,Assateague Island Visitor Center,11800 Marsh View Ln,Berlin,Maryland,21811,9:00 AM-4:00 PM,9:00 AM-4:00 PM,9:00 AM-4:00 PM,9:00 AM-4:00 PM,9:00 AM-4:00 PM,9:00 AM-4:00 PM,9:00 AM-4:00 PM
MARYLAND:,,,,Baltimore-Washington PKWY,Baltimore Washington Parkway,Greenbelt,Maryland,20770,Open,Open,Open,Open,Open,Open,Open,,The Visitor Center at Kenilworth Aquatic Gardens,1550 Anacostia Ave. NE,Washington DC,Maryland,20019,9:00 AM-3:00 PM,9:00 AM-3:00 PM,9:00 AM-3:00 PM,9:00 AM-3:00 PM,9:00 AM-3:00 PM,9:00 AM-3:00 PM,9:00 AM-3:00 PM
MARYLAND:,Book,,,Catoctin Mountain Park,14707 Park Central Road,Thurmont,Maryland,21788,7:00 AM-5:00 PM,7:00 AM-5:00 PM,7:00 AM-5:00 PM,7:00 AM-5:00 PM,7:00 AM-5:00 PM,7:00 AM-5:00 PM,7:00 AM-5:00 PM,,Catoctin Mountain Park Visitor Center,14707 Park Central Road,Thurmont,Maryland,21788,9:00 AM-4:30 PM,9:00 AM-4:30 PM,9:00 AM-4:30 PM,9:00 AM-4:30 PM,9:00 AM-4:30 PM,9:00 AM-4:30 PM,9:00 AM-4:30 PM
MARYLAND:,Book,,,Chesapeake & Ohio Canal NHP,142 W. Potomac St.,Williamsport,Maryland,21795,7:00 AM-5:00 PM,7:00 AM-5:00 PM,7:00 AM-5:00 PM,7:00 AM-5:00 PM,7:00 AM-5:00 PM,7:00 AM-5:00 PM,7:00 AM-5:00 PM,,Cumberland Visitor Center,13 Canal St,Cumberland,Maryland,21502,9:00 AM-4:00 PM,Closed,Closed,9:00 AM-4:00 PM,9:00 AM-4:00 PM,9:00 AM-4:00 PM,9:00 AM-4:00 PM
MARYLAND:,Book,,,Clara Barton NHS,5801 Oxford Road,Glen Echo,Maryland,20812,Closed,Closed,Closed,Closed,Closed,1:00 PM-5:00 PM,1:00 PM-5:00 PM,,Clara Barton NHS,5801 Oxford Road,Glen Echo,Maryland,20812,Closed,Closed,Closed,Closed,Closed,1:00 PM-5:00 PM,1:00 PM-5:00 PM
MARYLAND:,,,,Fort Foote Park,8915 Fort Foote Road,Oxon Hill,Maryland,20745,9:00 AM-10:00 PM,9:00 AM-10:00 PM,9:00 AM-10:00 PM,9:00 AM-10:00 PM,9:00 AM-10:00 PM,9:00 AM-10:00 PM,9:00 AM-10:00 PM,,Fort Washington Park Visitor Center,13551 Fort Washington Rd,Fort Washington,Maryland,20744,9:00 AM-4:30 PM,Closed,Closed,9:00 AM-4:30 PM,9:00 AM-4:30 PM,9:00 AM-4:30 PM,9:00 AM-4:30 PM
MARYLAND:,Book,,,Fort McHenry NM & HS,2400 East Fort Avenue,Baltimore,Maryland,21230,9:00 AM-5:00 PM,9:00 AM-5:00 PM,9:00 AM-5:00 PM,9:00 AM-5:00 PM,9:00 AM-5:00 PM,9:00 AM-5:00 PM,9:00 AM-5:00 PM,,Paul S. Sarbanes Visitor and Education Center,2400 East Fort Avenue,Baltimore,Maryland,21230,9:00 AM-4:45 PM,9:00 AM-4:45 PM,9:00 AM-4:45 PM,9:00 AM-4:45 PM,9:00 AM-4:45 PM,9:00 AM-4:45 PM,9:00 AM-4:45 PM
MARYLAND:,Book,,,Fort Washington Park,13551 Fort Washington Road,Fort Washington,Maryland,20744,6:00 AM-10:00 PM,6:00 AM-10:00 PM,6:00 AM-10:00 PM,6:00 AM-10:00 PM,6:00 AM-10:00 PM,6:00 AM-10:00 PM,6:00 AM-10:00 PM,,Fort Washington Park Visitor Center,13551 Fort Washington Rd,Fort Washington,Maryland,20744,9:00 AM-4:30 PM,Closed,Closed,9:00 AM-4:30 PM,9:00 AM-4:30 PM,9:00 AM-4:30 PM,9:00 AM-4:30 PM
MARYLAND:,,,,Glen Echo Park,5801 Oxford Road,Glen Echo,Maryland,20812,6:00 AM-1:00 AM,6:00 AM-1:00 AM,6:00 AM-1:00 AM,6:00 AM-1:00 AM,6:00 AM-1:00 AM,6:00 AM-1:00 AM,6:00 AM-1:00 AM,,Arcade Building,7300 MacArthur Boulevard,Glen Echo,Maryland,20812,Closed,10:00 AM-6:00 PM,10:00 AM-6:00 PM,10:00 AM-6:00 PM,10:00 AM-6:00 PM,10:00 AM-6:00 PM,10:00 AM-6:00 PM
MARYLAND:,Book,,,Greenbelt Park,6565 Greenbelt Road,Greenbelt,Maryland,20770,7:00 AM-10 :00 PM,7:00 AM-10 :00 PM,7:00 AM-10 :00 PM,7:00 AM-10 :00 PM,7:00 AM-10 :00 PM,7:00 AM-10 :00 PM,7:00 AM-10 :00 PM,,Greenbelt Park Ranger Station,6565 Greenbelt Road,Greenbelt,Maryland,20770,8:00 AM-3:45 PM,8:00 AM-3:45 PM,8:00 AM-3:45 PM,8:00 AM-3:45 PM,8:00 AM-3:45 PM,8:00 AM-3:45 PM,8:00 AM-3:45 PM
MARYLAND:,Book,,,Hampton NHS,535 Hampton Lane,Towson,Maryland,21286,9:00 AM-4:00 PM,Closed,Closed,Closed,9:00 AM-4:00 PM,9:00 AM-4:00 PM,9:00 AM-4:00 PM,,Hampton Visitor Center,535 Hampton Lane,Towson,Maryland,21286,9:00 AM-4:00 PM,Closed,Closed,Closed,9:00 AM-4:00 PM,9:00 AM-4:00 PM,9:00 AM-4:00 PM
MARYLAND:,,,,Harmony Hall,10702 Livingston Road,Fort Washington,Maryland,20744,6:00 AM-10:00 PM,6:00 AM-10:00 PM,6:00 AM-10:00 PM,6:00 AM-10:00 PM,6:00 AM-10:00 PM,6:00 AM-10:00 PM,6:00 AM-10:00 PM,,Fort Washington Park Visitor Center,13551 Fort Washington Rd,Fort Washington,Maryland,20744,9:00 AM-4:30 PM,Closed,Closed,9:00 AM-4:30 PM,9:00 AM-4:30 PM,9:00 AM-4:30 PM,9:00 AM-4:30 PM
MARYLAND:,Book,,,Harriet Tubman Underground Railroad NHP,4068 Golden Hill Road,Church Creek,Maryland,21622,10:00 AM-4:00 PM,Closed,10:00 AM-4:00 PM,10:00 AM-4:00 PM,10:00 AM-4:00 PM,10:00 AM-4:00 PM,10:00 AM-4:00 PM,,Harriet Tubman Underground Railroad Visitor Center,4068 Golden Hill Road,Church Creek,Maryland,21622,10:00 AM-4:00 PM,Closed,10:00 AM-4:00 PM,10:00 AM-4:00 PM,10:00 AM-4:00 PM,10:00 AM-4:00 PM,10:00 AM-4:00 PM
MARYLAND:,Book,,,Monocacy NB,5201 Urbana Pike,Frederick,Maryland,21704,7:30 AM-5:00 PM,7:30 AM-5:00 PM,7:30 AM-5:00 PM,7:30 AM-5:00 PM,7:30 AM-5:00 PM,7:30 AM-5:00 PM,7:30 AM-5:00 PM,,Monocacy National Battlefield Visitor Center,5201 Urbana Pike,Frederick,Maryland,21704,9:00 AM-5:00 PM,9:00 AM-5:00 PM,Closed,Closed,9:00 AM-5:00 PM,9:00 AM-5:00 PM,9:00 AM-5:00 PM
MARYLAND:,,,,Oxon Cover Park & Oxon Hill Farm,1967 Bald Eagle Road,Oxon Hill,Maryland,20745,8:00 AM-4:30 PM,8:00 AM-4:30 PM,8:00 AM-4:30 PM,8:00 AM-4:30 PM,8:00 AM-4:30 PM,8:00 AM-4:30 PM,8:00 AM-4:30 PM,,Oxon Hill Farm Visitor Center,Bald Eagle Road,Oxon Hill,Maryland,20745,9:00 AM-4:00 PM,9:00 AM-4:00 PM,9:00 AM-4:00 PM,9:00 AM-4:00 PM,9:00 AM-4:00 PM,9:00 AM-4:00 PM,9:00 AM-4:00 PM
MARYLAND:,Book,,,Piscataway Park,3400 Bryan Point Road,Accokeek,Maryland,20607,6:00 AM-10:00 PM,6:00 AM-10:00 PM,6:00 AM-10:00 PM,6:00 AM-10:00 PM,6:00 AM-10:00 PM,6:00 AM-10:00 PM,6:00 AM-10:00 PM,,Fort Washington Park Visitor Center,13551 Fort Washington Rd,Fort Washington,Maryland,20744,9:00 AM-4:30 PM,Closed,Closed,9:00 AM-4:30 PM,9:00 AM-4:30 PM,9:00 AM-4:30 PM,9:00 AM-4:30 PM
MARYLAND:,Book,,,Potomac Heritage NST,142 W. Potomac St.,Williamsport,Maryland,21795,Open,Open,Open,Open,Open,Open,Open,,Fort Washington Park Visitor Center,13551 Fort Washington Rd,Fort Washington,Maryland,20744,9:00 AM-4:30 PM,Closed,Closed,9:00 AM-4:30 PM,9:00 AM-4:30 PM,9:00 AM-4:30 PM,9:00 AM-4:30 PM
MARYLAND:,Book,,,Thomas Stone NHS,6655 Rose Hill Road,Port Tobacco,Maryland,20677,10:00 AM-4:00 PM,Closed,Closed,Closed,Closed,Closed,10:00 AM-4:00 PM,,Thomas Stone NHS,6655 Rose Hill Road,Port Tobacco,Maryland,20677,10:00 AM-4:00 PM,Closed,Closed,Closed,Closed,Closed,10:00 AM-4:00 PM
,,,,,,,,,,,,,,,,,,,,,,,,,,,,
MASSACHUSETTS:,Book,,,Adams NHP,141 Franklin Street,Quincy,Massachusetts,02169,9:00 AM-5:00 PM,Closed,Closed,9:00 AM-5:00 PM,9:00 AM-5:00 PM,9:00 AM-5:00 PM,9:00 AM-5:00 PM,,Adams National Historical Park Visitor Center,1250 Hancock St,Quincy,Massachusetts,02169,9:00 AM-5:00 PM,Closed,Closed,9:00 AM-5:00 PM,9:00 AM-5:00 PM,9:00 AM-5:00 PM,9:00 AM-5:00 PM
MASSACHUSETTS:,Book,,,Blackstone River Valley NHP,67 Roosevelt Ave,Pawtucket,Rhode Island,02860,7:30 AM-5:00 PM,7:30 AM-5:00 PM,7:30 AM-5:00 PM,7:30 AM-5:00 PM,7:30 AM-5:00 PM,7:30 AM-5:00 PM,7:30 AM-5:00 PM,,Bancroft Memorial Library,50 Hopedale Street,Hopedale,Massachusetts,01747,Closed,1:00 PM-8:00 PM,10:00 AM-5:00 PM,1:00 PM-8:00 PM,10:00 AM-5:00 PM,1:00 PM-5:00 PM,10:00 AM-2:00 PM
MASSACHUSETTS:,Book,,,Boston African American NHS,21 Second Avenue,Charlestown,Massachusetts,02129,10:00 AM-4:00 PM,Closed,10:00 AM-4:00 PM,10:00 AM-4:00 PM,10:00 AM-4:00 PM,10:00 AM-4:00 PM,10:00 AM-4:00 PM,,Faneuil Hall Visitor Center,1 Faneuil Hall Sq,Boston,Massachusetts,02109,10:00 AM-5:00 PM,Closed,Closed,10:00 AM-5:00 PM,10:00 AM-5:00 PM,10:00 AM-5:00 PM,10:00 AM-5:00 PM
MASSACHUSETTS:,Book,,,Boston Harbor Islands NRA,21 Second Avenue,Charlestown,Massachusetts,02129,Open,Open,Open,Open,Open,Open,Open,,Boston Harbor Islands Welcome Center,151 W Atlantic Avenue,Boston,Massachusetts,02110,,,,,,,
MASSACHUSETTS:,Book,,,Boston NHP,21 Second Avenue,Charlestown,Massachusetts,02129,10:00 AM-5:00 PM,10:00 AM-5:00 PM,10:00 AM-5:00 PM,10:00 AM-5:00 PM,10:00 AM-5:00 PM,10:00 AM-5:00 PM,10:00 AM-5:00 PM,,Faneuil Hall Visitor Center,1 Faneuil Hall Sq,Boston,Massachusetts,02109,10:00 AM-5:00 PM,Closed,Closed,10:00 AM-5:00 PM,10:00 AM-5:00 PM,10:00 AM-5:00 PM,10:00 AM-5:00 PM
MASSACHUSETTS:,Book,,,Cape Cod NS,50 Nauset Road,Eastham,Massachusetts,02642,9:00 AM-5:00 PM,9:00 AM-5:00 PM,9:00 AM-5:00 PM,9:00 AM-5:00 PM,9:00 AM-5:00 PM,9:00 AM-5:00 PM,9:00 AM-5:00 PM,,Salt Pond Visitor Center,50 Nauset Road,Eastham,Massachusetts,02642,9:00 AM-5:00 PM,9:00 AM-5:00 PM,9:00 AM-5:00 PM,9:00 AM-5:00 PM,9:00 AM-5:00 PM,9:00 AM-5:00 PM,9:00 AM-5:00 PM
MASSACHUSETTS:,Book,,,Frederick Law Olmsted NHS,99 Warren Street,Brookline,Massachusetts,02445,9:30 AM-4:30 PM,Closed,Closed,Closed,9:30 AM-4:30 PM,9:30 AM-4:30 PM,9:30 AM-4:30 PM,,Frederick Law Olmsted NHS,99 Warren Street,Brookline,Massachusetts,02445,9:30 AM-4:30 PM,9:30 AM-4:30 PM,9:30 AM-4:30 PM,9:30 AM-4:30 PM,9:30 AM-4:30 PM,9:30 AM-4:30 PM,9:30 AM-4:30 PM
MASSACHUSETTS:,Book,,,John F. Kennedy NHS,83 Beals Street,Brookline,Massachusetts,02446,10:00 AM-5:00 PM,Closed,Closed,Closed,10:00 AM-5:00 PM,10:00 AM-5:00 PM,10:00 AM-5:00 PM,,John F. Kennedy NHS,83 Beals Street,Brookline,Massachusetts,02446,10:00 AM-5:00 PM,Closed,Closed,Closed,10:00 AM-5:00 PM,10:00 AM-5:00 PM,10:00 AM-5:00 PM
MASSACHUSETTS:,Book,,,Longfellow House Washington’s Headquarters NHS,105 Brattle Street,Cambridge,Massachusetts,02138,9:30 AM-5:00 PM,9:30 AM-5:00 PM,Closed,Closed,Closed,9:30 AM-5:00 PM,9:30 AM-5:00 PM,,Longfellow House Washington’s Headquarters NHS,105 Brattle Street,Cambridge,Massachusetts,02138,9:30 AM-5:00 PM,9:30 AM-5:00 PM,Closed,Closed,Closed,9:30 AM-5:00 PM,9:30 AM-5:00 PM
MASSACHUSETTS:,Book,,,Lowell NHP,115 John Street,Lowell,Massachusetts,01852,10:00 AM-5:00 PM,10:00 AM-5:00 PM,10:00 AM-5:00 PM,10:00 AM-5:00 PM,10:00 AM-5:00 PM,10:00 AM-5:00 PM,10:00 AM-5:00 PM,,Lowell National Historical Park Visitor Center,246 Market St.,Lowell,Massachusetts,01852,10:00 AM-5:00 PM,10:00 AM-5:00 PM,10:00 AM-5:00 PM,10:00 AM-5:00 PM,10:00 AM-5:00 PM,10:00 AM-5:00 PM,10:00 AM-5:00 PM
MASSACHUSETTS:,Book,,,Minute Man NHP,210 North Great Road,Lincoln,Massachusetts,01773,7:30 AM-5:00 PM,7:30 AM-5:00 PM,7:30 AM-5:00 PM,7:30 AM-5:00 PM,7:30 AM-5:00 PM,7:30 AM-5:00 PM,7:30 AM-5:00 PM,,Minute Man Visitor Center,210 North Great Road,Lincoln,Massachusetts,01773,9:00 AM-5:00 PM,9:00 AM-5:00 PM,9:00 AM-5:00 PM,9:00 AM-5:00 PM,9:00 AM-5:00 PM,9:00 AM-5:00 PM,9:00 AM-5:00 PM
MASSACHUSETTS:,Book,,,New Bedford Whaling NHP,33 William Street,New Bedford,Massachusetts,02740,7:30 AM-5:00 PM,7:30 AM-5:00 PM,7:30 AM-5:00 PM,7:30 AM-5:00 PM,7:30 AM-5:00 PM,7:30 AM-5:00 PM,7:30 AM-5:00 PM,,New Bedford Whaling NHP Visitor Center,33 William St,New Bedford,Massachusetts,02740,9:00 AM-5:00 PM,Closed,Closed,9:00 AM-5:00 PM,9:00 AM-5:00 PM,9:00 AM-5:00 PM,9:00 AM-5:00 PM
MASSACHUSETTS:,Book,,,Salem Maritime NHP,2 New Liberty Street,Salem,Massachusetts,01970,Open,Open,Open,Open,Open,Open,Open,,Salem Armory,2 New Liberty St,Salem,Massachusetts,01970,9:30 AM-4:30 PM,9:30 AM-4:30 PM,9:30 AM-4:30 PM,9:30 AM-4:30 PM,9:30 AM-4:30 PM,9:30 AM-4:30 PM,9:30 AM-4:30 PM
MASSACHUSETTS:,Book,,,Saugus Iron Works NHS,244 Central St,Saugus,Massachusetts,01906,Open,Open,Open,Open,Open,Open,Open,,Broadhearth,244 Central St,Saugus,Massachusetts,01906,9:30 AM-4:30 PM,Closed,Closed,9:30 AM-4:30 PM,9:30 AM-4:30 PM,9:30 AM-4:30 PM,9:30 AM-4:30 PM
MASSACHUSETTS:,Book,,,Springfield Armory NHS,1 Armory Square,"1 Armory Square, Springfield",Massachusetts,01105,9:30 AM-4:30 PM,Closed,Closed,9:30 AM-4:30 PM,9:30 AM-4:30 PM,9:30 AM-4:30 PM,9:30 AM-4:30 PM,,Springfield Armory National Historic Site Visitor Center and Museum,1 Armory Square,"1 Armory Square, Springfield",Massachusetts,01105,9:30 AM-4:30 PM,Closed,Closed,9:30 AM-4:30 PM,9:30 AM-4:30 PM,9:30 AM-4:30 PM,9:30 AM-4:30 PM
,,,,,,,,,,,,,,,,,,,,,,,,,,,,
MICHIGAN:,Book,,,Isle Royale NP,800 East Lakeshore Drive,Houghton,Michigan,49931,Open,Open,Open,Open,Open,Open,Open,,Houghton Visitor Center,800 E. Lakeshore Drive,Houghton,Michigan,49931,Closed,8:00 AM-5:00 PM,8:00 AM-5:00 PM,8:00 AM-5:00 PM,8:00 AM-5:00 PM,8:00 AM-5:00 PM,10:00 AM-5:00 PM
MICHIGAN:,Book,,,Keweenaw NHP,25970 Red Jacket Road,Calumet,Michigan,49913,7:30 AM-5:00 PM,7:30 AM-5:00 PM,7:30 AM-5:00 PM,7:30 AM-5:00 PM,7:30 AM-5:00 PM,7:30 AM-5:00 PM,7:30 AM-5:00 PM,,Calumet Visitor Center,98 5th St,Calumet,Michigan,49913,12:00 PM-4:00 PM,12:00 PM-4:00 PM,12:00 PM-4:00 PM,12:00 PM-4:00 PM,12:00 PM-4:00 PM,12:00 PM-4:00 PM,12:00 PM-4:00 PM
MICHIGAN:,Book,,,Pictured Rocks NL,1505 Sand Point Rd,Munising,Michigan,49862,Open,Open,Open,Open,Open,Open,Open,,Munising Falls Visitor Center,1505 Sand Point Rd,Munising,Michigan,49862,9:00 AM-5:00 PM,9:00 AM-5:00 PM,9:00 AM-5:00 PM,9:00 AM-5:00 PM,9:00 AM-5:00 PM,9:00 AM-5:00 PM,9:00 AM-5:00 PM
MICHIGAN:,Book,,,River Raisin NBP,333 N Dixie Hwy,Monroe,Michigan,48162,10:00 AM-5:00 PM,10:00 AM-5:00 PM,10:00 AM-5:00 PM,10:00 AM-5:00 PM,10:00 AM-5:00 PM,10:00 AM-5:00 PM,10:00 AM-5:00 PM,,River Raisin National Battlefield Park Visitor / Education Center,333 N Dixie Hwy,Monroe,Michigan,48162,10:00 AM-5:00 PM,10:00 AM-5:00 PM,10:00 AM-5:00 PM,10:00 AM-5:00 PM,10:00 AM-5:00 PM,10:00 AM-5:00 PM,10:00 AM-5:00 PM
MICHIGAN:,Book,,,Sleeping Bear Dunes NL,9922 W Front St,Empire,Michigan,49630,Open,Open,Open,Open,Open,Open,Open,,Philip A. Hart Visitor Center,9922 W Front St,Empire,Michigan,49630,8:30 AM-4:00 PM,8:30 AM-4:00 PM,8:30 AM-4:00 PM,8:30 AM-4:00 PM,8:30 AM-4:00 PM,8:30 AM-4:00 PM,8:30 AM-4:00 PM
,,,,,,,,,,,,,,,,,,,,,,,,,,,,
MINNESOTA:,Book,,,Grand Portage NM,170 Mile Creek Road,Grand Portage,Minnesota,55605,7:30 AM-5:00 PM,7:30 AM-5:00 PM,7:30 AM-5:00 PM,7:30 AM-5:00 PM,7:30 AM-5:00 PM,7:30 AM-5:00 PM,7:30 AM-5:00 PM,,Heritage Center,170 Mile Creek Rd,Grand Portage,Minnesota,55605,9:00 AM-5:00 PM,9:00 AM-5:00 PM,9:00 AM-5:00 PM,9:00 AM-5:00 PM,9:00 AM-5:00 PM,9:00 AM-5:00 PM,9:00 AM-5:00 PM
MINNESOTA:,Book,,,Mississippi NRRA,120 W Kellogg Blvd,St Paul,Minnesota,55102,6:00 AM-10:00 PM,6:00 AM-10:00 PM,6:00 AM-10:00 PM,6:00 AM-10:00 PM,6:00 AM-10:00 PM,6:00 AM-10:00 PM,6:00 AM-10:00 PM,,Mississippi River Visitor Center,120 W Kellogg Blvd,St Paul,Minnesota,55102,9:00 AM-5:00 PM,Closed,9:00 AM-5:00 PM,9:00 AM-5:00 PM,9:00 AM-5:00 PM,9:00 AM-5:00 PM,9:00 AM-5:00 PM
MINNESOTA:,Book,,,Pipestone NM,36 Reservation Ave,Pipestone,Minnesota,56164,Open,Open,Open,Open,Open,Open,Open,,Visitor Center,36 Reservation Ave,Pipestone,Minnesota,56164,8:30 AM-4:30 PM,8:30 AM-4:30 PM,8:30 AM-4:30 PM,8:30 AM-4:30 PM,8:30 AM-4:30 PM,8:30 AM-4:30 PM,8:30 AM-4:30 PM
MINNESOTA:,Book,,,Voyageurs NP,360 Hwy 11 East,International Falls,Minnesota,56649,Open,Open,Open,Open,Open,Open,Open,,Rainy Lake Visitor Center,1797 Ut - 342,International Falls,Minnesota,56649,9:00 AM-5:00 PM,9:00 AM-5:00 PM,9:00 AM-5:00 PM,9:00 AM-5:00 PM,9:00 AM-5:00 PM,9:00 AM-5:00 PM,9:00 AM-5:00 PM
,,,,,,,,,,,,,,,,,,,,,,,,,,,,
MISSISSIPPI:,Book,X,,Brices Cross Roads NBS,,,,,,,,,,,,,,,,,,,,,,,,
MISSISSIPPI:,Book,,,Emmett Till and Mamie Till-Mobley NM,158 N Court St,Sumner,,38957,Closed,Closed,12:00 PM-5:00 PM,12:00 PM-5:00 PM,12:00 PM-5:00 PM,12:00 PM-5:00 PM,12:00 PM-5:00 PM,,Emmett Till Interpretive Center,158 N Court St,Sumner,Mississippi,38957,Closed,Closed,12:00 PM-5:00 PM,12:00 PM-5:00 PM,12:00 PM-5:00 PM,12:00 PM-5:00 PM,12:00 PM-5:00 PM
MISSISSIPPI:,Book,,,Gulf Islands NS,3500 Park Rd,Ocean Springs,,39564,Open,Open,Open,Open,Open,Open,Open,,William M. Colmer Visitor Center,3500 Park Rd,Ocean Springs,Mississippi,39564,9:00 AM-4:00 PM,Closed,Closed,9:00 AM-4:00 PM,9:00 AM-4:00 PM,9:00 AM-4:00 PM,9:00 AM-4:00 PM
MISSISSIPPI:,Book,,,Medgar and Myrlie Evers Home NM ,2332 Margaret W Alexander Dr,Jackson,,39213,Closed,Closed,9:00 AM-4:00 PM,9:00 AM-4:00 PM,9:00 AM-4:00 PM,9:00 AM-4:00 PM,9:00 AM-4:00 PM,,Medgar and Myrlie Evers Home NM ,2332 Margaret W Alexander Dr,Jackson,Mississippi,39213,Closed,Closed,9:00 AM-4:00 PM,9:00 AM-4:00 PM,9:00 AM-4:00 PM,9:00 AM-4:00 PM,9:00 AM-4:00 PM
MISSISSIPPI:,Book,,,Natchez NHP,210 State St,Natchez,,39120,9:00 AM-5:00 PM,9:00 AM-5:00 PM,9:00 AM-5:00 PM,9:00 AM-5:00 PM,9:00 AM-5:00 PM,9:00 AM-5:00 PM,9:00 AM-5:00 PM,,Melrose Visitor Center,122 Melrose Ave,Natchez,Mississippi,39120,8:30 AM-5:00 PM,8:30 AM-5:00 PM,8:30 AM-5:00 PM,8:30 AM-5:00 PM,8:30 AM-5:00 PM,8:30 AM-5:00 PM,8:30 AM-5:00 PM
MISSISSIPPI:,Book,X,,Natchez Trace NST,,,,,,,,,,,,,,,,,,,,,,,,
MISSISSIPPI:,Book,X,,Natchez Trace PKWY,,,,,,,,,,,,,,,,,,,,,,,,
MISSISSIPPI:,Book,X,,Tupelo NB,,,,,,,,,,,,,,,,,,,,,,,,
MISSISSIPPI:,Book,X,,Vicksburg NMP,,,,,,,,,,,,,,,,,,,,,,,,
,,,,,,,,,,,,,,,,,,,,,,,,,,,,
MISSOURI:,Book,X,,Gateway Arch NP,,,,,,,,,,,,,,,,,,,,,,,,
MISSOURI:,Book,,,George Washington Carver NM,5646 Carver Rd,Diamond,Missouri,64840,9:00 AM-5:00 PM,9:00 AM-5:00 PM,9:00 AM-5:00 PM,9:00 AM-5:00 PM,9:00 AM-5:00 PM,9:00 AM-5:00 PM,9:00 AM-5:00 PM,,George Washington Carver National Monument,5646 Carver Rd,Diamond,Missouri,64840,9:00 AM-5:00 PM,9:00 AM-5:00 PM,9:00 AM-5:00 PM,9:00 AM-5:00 PM,9:00 AM-5:00 PM,9:00 AM-5:00 PM,9:00 AM-5:00 PM
MISSOURI:,Book,,,Harry S Truman NHS,219 N Delaware St,Independence,Missouri,64050,9:00 AM-5:00 PM,Closed,Closed,9:00 AM-5:00 PM,9:00 AM-5:00 PM,9:00 AM-5:00 PM,9:00 AM-5:00 PM,,Visitor Center (Secure Truman Home Tickets Here),219 N Delaware St,Independence,Missouri,64050,9:00 AM-5:00 PM,Closed,Closed,9:00 AM-5:00 PM,9:00 AM-5:00 PM,9:00 AM-5:00 PM,9:00 AM-5:00 PM
MISSOURI:,Book,X,,Ozark NSR,,,,,,,,,,,,,,,,,,,,,,,,
MISSOURI:,Book,X,,Ste. Geneviève NHP,,,,,,,,,,,,,,,,,,,,,,,,
MISSOURI:,Book,X,,Ulysses S. Grant NHS,,,,,,,,,,,,,,,,,,,,,,,,
MISSOURI:,Book,X,,Wilson’s Creek NB,,,,,,,,,,,,,,,,,,,,,,,,
,,,,,,,,,,,,,,,,,,,,,,,,,,,,
MONTANA:,Book,,,Big Hole NB,16425 Highway 43 West,Wisdom,Montana,59761,9:00 AM - 5:00 PM,9:00 AM - 5:00 PM,9:00 AM - 5:00 PM,9:00 AM - 5:00 PM,9:00 AM - 5:00 PM,9:00 AM - 5:00 PM,9:00 AM - 5:00 PM,,Visitor Center at the Big Hole National Battlefield,16425 Highway 43 West,Wisdom,Montana,59761,9:00 AM - 5:00 PM,9:00 AM - 5:00 PM,9:00 AM - 5:00 PM,9:00 AM - 5:00 PM,9:00 AM - 5:00 PM,9:00 AM - 5:00 PM,9:00 AM - 5:00 PM
MONTANA:,Book,,,Bighorn Canyon NRA,2222 Access Rd,Fort Smith,Montana,59050,8:30 AM-4:30 PM,8:30 AM-4:30 PM,8:30 AM-4:30 PM,8:30 AM-4:30 PM,8:30 AM-4:30 PM,8:30 AM-4:30 PM,8:30 AM-4:30 PM,,Yellowtail Dam Visitor Center,2222 Access Rd,Fort Smith,Montana,59050,8:30 AM-4:30 PM,8:30 AM-4:30 PM,8:30 AM-4:30 PM,8:30 AM-4:30 PM,8:30 AM-4:30 PM,8:30 AM-4:30 PM,8:30 AM-4:30 PM
MONTANA:,Book,,,Glacier NP,64 Grinnell Drive,West Glacier,Montana,59936,Open,Open,Open,Open,Open,Open,Open,,Logan Pass Visitor Center,Logan's Pass Visitor Center,Browning,Montana,59417,9:00 AM-7:00 PM,9:00 AM-7:00 PM,9:00 AM-7:00 PM,9:00 AM-7:00 PM,9:00 AM-7:00 PM,9:00 AM-7:00 PM,9:00 AM-7:00 PM
MONTANA:,Book,,,Grant-Kohrs Ranch NHS,266 Warren Ln,Deer Lodge,Montana,59722,9:00 AM-4:00 PM,9:00 AM-4:00 PM,9:00 AM-4:00 PM,9:00 AM-4:00 PM,9:00 AM-4:00 PM,9:00 AM-4:00 PM,9:00 AM-4:00 PM,,Visitor Center at Grant-Kohrs Ranch,251 Grant Cir,Deer Lodge,Montana,59722,9:00 AM-4:30 PM,9:00 AM-4:30 PM,9:00 AM-4:30 PM,9:00 AM-4:30 PM,9:00 AM-4:30 PM,9:00 AM-4:30 PM,9:00 AM-4:30 PM
MONTANA:,Book,,,Little Bighorn Battlefield,756 Battlefield Tour Road,Crow Agency,Montana,59022,8:00 AM-4:00 PM,Closed,Closed,Closed,Closed,8:00 AM-4:00 PM,8:00 AM-4:00 PM,,Little Bighorn Battlefield Visitor Center,Unnamed Road,Garryowen,Montana,59031,8:00 AM-6:00 PM,Closed,Closed,Closed,Closed,8:00 AM-6:00 PM,8:00 AM-6:00 PM
,,,,,,,,,,,,,,,,,,,,,,,,,,,,
NEBRASKA:,Book,,,Agate Fossil Beds NM,301 River Rd,Harrison,Nebraska,69346,7:30 AM-5:00 PM,7:30 AM-5:00 PM,7:30 AM-5:00 PM,7:30 AM-5:00 PM,7:30 AM-5:00 PM,7:30 AM-5:00 PM,7:30 AM-5:00 PM,,Agate Fossil Beds National Monument Visitor Center,301 River Rd,Harrison,Nebraska,69346,9:00 AM-5:00 PM,9:00 AM-5:00 PM,9:00 AM-5:00 PM,9:00 AM-5:00 PM,9:00 AM-5:00 PM,9:00 AM-5:00 PM,9:00 AM-5:00 PM
NEBRASKA:,Book,,,Homestead NHP,8523 NE-4,Beatrice,Nebraska,68310,9:00 AM - 5:00 PM,9:00 AM - 5:00 PM,9:00 AM - 5:00 PM,9:00 AM - 5:00 PM,9:00 AM - 5:00 PM,9:00 AM - 5:00 PM,9:00 AM - 5:00 PM,,Heritage Center,8523 NE-4,Beatrice,Nebraska,68310,9:00 AM - 5:00 PM,9:00 AM - 5:00 PM,9:00 AM - 5:00 PM,9:00 AM - 5:00 PM,9:00 AM - 5:00 PM,9:00 AM - 5:00 PM,9:00 AM - 5:00 PM
NEBRASKA:,Book,X,,Niobrara NSR,,,,,,,,,,,,,,,,,,,,,,,,
NEBRASKA:,Book,,,Scotts Bluff NM,190276 Old Oregon Trail,Gering,Nebraska,69341,7:30 AM-5:00 PM,7:30 AM-5:00 PM,7:30 AM-5:00 PM,7:30 AM-5:00 PM,7:30 AM-5:00 PM,7:30 AM-5:00 PM,7:30 AM-5:00 PM,,Scotts Bluff National Monument Visitor Center,190276 Old Oregon Trail,Gering,Nebraska,69341,9:00 AM - 5:00 PM,9:00 AM - 5:00 PM,9:00 AM - 5:00 PM,9:00 AM - 5:00 PM,9:00 AM - 5:00 PM,9:00 AM - 5:00 PM,9:00 AM - 5:00 PM
,,,,,,,,,,,,,,,,,,,,,,,,,,,,
NEVADA:,Book,,,Great Basin NP,Nevada 488,Baker,Nevada,89311,Open,Open,Open,Open,Open,Open,Open,,Lehman Caves Visitor Center,5500 NV-488,Baker,Nevada,89311,8:00 AM - 5:00 PM,8:00 AM - 5:00 PM,8:00 AM - 5:00 PM,8:00 AM - 5:00 PM,8:00 AM - 5:00 PM,8:00 AM - 5:00 PM,8:00 AM - 5:00 PM
NEVADA:,Book,,,Lake Mead NRA,10 Lakeshore Rd,Boulder City,Nevada,89005,Open,Open,Open,Open,Open,Open,Open,,Lake Mead Visitor Center,10 Lakeshore Rd,Boulder City,Nevada,89005,9:00 AM-4:30 PM,9:00 AM-4:30 PM,9:00 AM-4:30 PM,9:00 AM-4:30 PM,9:00 AM-4:30 PM,9:00 AM-4:30 PM,9:00 AM-4:30 PM
NEVADA:,Book,,,Tule Springs Fossil Beds NM,,Las Vegas,Nevada,89143,Open,Open,Open,Open,Open,Open,Open,,Ice Age Fossils State Park Visitor Center,8660 N Decatur Blvd,Las Vegas,Nevada,89085,8:00 AM-4:30 PM,8:00 AM-4:30 PM,8:00 AM-4:30 PM,8:00 AM-4:30 PM,8:00 AM-4:30 PM,8:00 AM-4:30 PM,8:00 AM-4:30 PM
,,,,,,,,,,,,,,,,,,,,,,,,,,,,
NEW HAMPSHIRE:,Book,,,Saint-Gaudens NHS,139 St Gaudens Rd,Cornish,New Hampshire,03745,9:00 AM-4:30 PM,9:00 AM-4:30 PM,Closed,Closed,9:00 AM-4:30 PM,9:00 AM-4:30 PM,9:00 AM-4:30 PM,,Visitor Center,139 St Gaudens Rd,Cornish,New Hampshire,03745,9:00 AM-4:30 PM,9:00 AM-4:30 PM,Closed,Closed,9:00 AM-4:30 PM,9:00 AM-4:30 PM,9:00 AM-4:30 PM
,,,,,,,,,,,,,,,,,,,,,,,,,,,,
NEW JERSEY:,Book,,,Gateway NRA,26 Hudson Rd,Highlands,New Jersey,07732,6:00 AM-9:00 PM,6:00 AM-9:00 PM,6:00 AM-9:00 PM,6:00 AM-9:00 PM,6:00 AM-9:00 PM,6:00 AM-9:00 PM,6:00 AM-9:00 PM,,Sandy Hook Visitor Center,,Highlands,New Jersey,7732,10:00 AM-4:00 PM,10:00 AM-4:00 PM,Closed,Closed,Closed,10:00 AM-4:00 PM,10:00 AM-4:00 PM
NEW JERSEY:,Book,,,Great Egg Harbor River,109 Route 50 South,Mays Landing,New Jersey,08330,7:30 AM-5:00 PM,7:30 AM-5:00 PM,7:30 AM-5:00 PM,7:30 AM-5:00 PM,7:30 AM-5:00 PM,7:30 AM-5:00 PM,7:30 AM-5:00 PM,,Warren E. Fox Nature Center,109 Route 50 South,Mays Landing,New Jersey,08330,8:00 AM-4:00 PM,8:00 AM-4:00 PM,8:00 AM-4:00 PM,8:00 AM-4:00 PM,8:00 AM-4:00 PM,8:00 AM-4:00 PM,8:00 AM-4:00 PM
NEW JERSEY:,Book,,,Morristown NHP,30 Washington Place,Morristown,New Jersey,07960,10:00 AM-4:00 PM,Closed,Closed,Closed,10:00 AM-4:00 PM,10:00 AM-4:00 PM,10:00 AM-4:00 PM,,Washington's Headquarters Museum,30 Washington Place,Morristown,New Jersey,07960,10:00 AM-4:00 PM,Closed,Closed,Closed,10:00 AM-4:00 PM,10:00 AM-4:00 PM,10:00 AM-4:00 PM
NEW JERSEY:,,,,New Jersey Pinelands NR,853 Atsion Rd,Shamong,New Jersey,08088,Open,Open,Open,Open,Open,Open,Open,,Warren E. Fox Nature Center,109 Route 50 South,Mays Landing,New Jersey,08330,8:00 AM-4:00 PM,8:00 AM-4:00 PM,8:00 AM-4:00 PM,8:00 AM-4:00 PM,8:00 AM-4:00 PM,8:00 AM-4:00 PM,8:00 AM-4:00 PM
NEW JERSEY:,Book,,,Paterson Great Falls NHP,72 McBride Avenue Extension,Paterson,New Jersey,07501,Open,Open,Open,Open,Open,Open,Open,,Paterson Great Falls NHP,72 McBride Avenue Extension,Paterson,New Jersey,07501,8:45 AM-5:00 PM,8:45 AM-5:00 PM,8:45 AM-5:00 PM,8:45 AM-5:00 PM,8:45 AM-5:00 PM,8:45 AM-5:00 PM,8:45 AM-5:00 PM
NEW JERSEY:,Book,,,Thomas Edison NHP,211 Main Street,West Orange,New Jersey,07052,10:00 AM-4:00 PM,Closed,Closed,Closed,10:00 AM-4:00 PM,10:00 AM-4:00 PM,10:00 AM-4:00 PM,,Laboratory Complex Visitor Center,211 Main Street,West Orange,New Jersey,07052,10:00 AM-4:00 PM,Closed,Closed,Closed,10:00 AM-4:00 PM,10:00 AM-4:00 PM,10:00 AM-4:00 PM
,,,,,,,,,,,,,,,,,,,,,,,,,,,,
NEW MEXICO:,Book,,,Aztec Ruins NM,725 Ruins Road,Aztec,New Mexico,87410,7:00 AM-5:00 PM,7:00 AM-5:00 PM,7:00 AM-5:00 PM,7:00 AM-5:00 PM,7:00 AM-5:00 PM,7:00 AM-5:00 PM,7:00 AM-5:00 PM,,Aztec Ruins National Monument Visitor Center,725 Ruins Rd,Aztec,New Mexico,87410,9:00 AM-5:00 PM,9:00 AM-5:00 PM,9:00 AM-5:00 PM,9:00 AM-5:00 PM,9:00 AM-5:00 PM,9:00 AM-5:00 PM,9:00 AM-5:00 PM
NEW MEXICO:,Book,,,Bandelier NM,15 Entrance Road,Los Alamos,New Mexico,87544,7:00 AM-5:00 PM,7:00 AM-5:00 PM,7:00 AM-5:00 PM,7:00 AM-5:00 PM,7:00 AM-5:00 PM,7:00 AM-5:00 PM,7:00 AM-5:00 PM,,Bandelier National Monument Visitor Center,15 Entrance Rd,Los Alamos,New Mexico,87544,9:00 AM-5:00 PM,9:00 AM-5:00 PM,9:00 AM-5:00 PM,9:00 AM-5:00 PM,9:00 AM-5:00 PM,9:00 AM-5:00 PM,9:00 AM-5:00 PM
NEW MEXICO:,Book,,,Capulin Volcano NM,46 Volcano Highway,Capulin,New Mexico,88414,7:00 AM-5:00 PM,7:00 AM-5:00 PM,7:00 AM-5:00 PM,7:00 AM-5:00 PM,7:00 AM-5:00 PM,7:00 AM-5:00 PM,7:00 AM-5:00 PM,,Capulin Volcano Visitor Center,44 Volcano Road,Capulin,New Mexico,88414,8:30 AM-4:30 PM,8:30 AM-4:30 PM,8:30 AM-4:30 PM,8:30 AM-4:30 PM,8:30 AM-4:30 PM,8:30 AM-4:30 PM,8:30 AM-4:30 PM
NEW MEXICO:,Book,,,Carlsbad Caverns NP,727 Carlsbad Caverns Highway,Carlsbad,New Mexico,88220,Open,Open,Open,Open,Open,Open,Open,,Carlsbad Caverns NP Visitor Center,727 Carlsbad Caverns Highway,Carlsbad,New Mexico,88220,9:00 AM-2:30 PM,9:00 AM-2:30 PM,9:00 AM-2:30 PM,9:00 AM-2:30 PM,9:00 AM-2:30 PM,9:00 AM-2:30 PM,9:00 AM-2:30 PM
NEW MEXICO:,Book,,,Chaco Culture NHP,1808 CR 7950,Nageezi,New Mexico,87037,7:00 AM-9:00 PM,7:00 AM-9:00 PM,7:00 AM-9:00 PM,7:00 AM-9:00 PM,7:00 AM-9:00 PM,7:00 AM-9:00 PM,7:00 AM-9:00 PM,,Chaco Culture National Historical Park Visitor Center,1808 County Road 7950,Nageezi,New Mexico,87037,9:00 AM-5:00 PM,9:00 AM-5:00 PM,9:00 AM-5:00 PM,9:00 AM-5:00 PM,9:00 AM-5:00 PM,9:00 AM-5:00 PM,9:00 AM-5:00 PM
NEW MEXICO:,Book,,,El Malpais NM,1900 E. Santa Fe Ave.,Grants,New Mexico,87020,Open,Open,Open,Open,Open,Open,Open,,El Malpais Visitor Center,1900 E Santa Fe Ave,Grants,New Mexico,87020,9:00 AM-5:00 PM,9:00 AM-5:00 PM,9:00 AM-5:00 PM,9:00 AM-5:00 PM,9:00 AM-5:00 PM,9:00 AM-5:00 PM,9:00 AM-5:00 PM
NEW MEXICO:,Book,,,El Morro NM,Mile Marker 44.6 Hwy 53,Ramah,New Mexico,87321,9:00 AM-5:00 PM,9:00 AM-5:00 PM,9:00 AM-5:00 PM,9:00 AM-5:00 PM,9:00 AM-5:00 PM,9:00 AM-5:00 PM,9:00 AM-5:00 PM,,El Morro Visitor Center,NM-53,Ramah,New Mexico,87321,9:00 AM-5:00 PM,9:00 AM-5:00 PM,9:00 AM-5:00 PM,9:00 AM-5:00 PM,9:00 AM-5:00 PM,9:00 AM-5:00 PM,9:00 AM-5:00 PM
NEW MEXICO:,Book,,,Fort Union NM,3115 NM Highway 161,Watrous,New Mexico,87753,8:00 AM-4:00 PM,8:00 AM-4:00 PM,8:00 AM-4:00 PM,8:00 AM-4:00 PM,8:00 AM-4:00 PM,8:00 AM-4:00 PM,8:00 AM-4:00 PM,,Fort Union NM Visitor Center,3115 NM Highway 161,Watrous,New Mexico,87753,8:00 AM-4:00 PM,8:00 AM-4:00 PM,8:00 AM-4:00 PM,8:00 AM-4:00 PM,8:00 AM-4:00 PM,8:00 AM-4:00 PM,8:00 AM-4:00 PM
NEW MEXICO:,Book,,,Gila Cliff Dwellings NM,26 Jim Bradford Trail,Mimbres,New Mexico,88049,9:00 AM-4:00 PM,9:00 AM-4:00 PM,9:00 AM-4:00 PM,9:00 AM-4:00 PM,9:00 AM-4:00 PM,9:00 AM-4:00 PM,9:00 AM-4:00 PM,,Gila Visitor Center,Gila National Forest,Silver City,New Mexico,88061,9:00 AM-4:00 PM,9:00 AM-4:00 PM,9:00 AM-4:00 PM,9:00 AM-4:00 PM,9:00 AM-4:00 PM,9:00 AM-4:00 PM,9:00 AM-4:00 PM
NEW MEXICO:,Book,,,Manhattan Project NHP,475 20th Street Suite C,Los Alamos,New Mexico,87544,10:00 AM-3:00 PM,10:00 AM-3:00 PM,Closed,Closed,Closed,10:00 AM-3:00 PM,10:00 AM-3:00 PM,,Los Alamos Visitor Center,475 20th Street Suite C,Los Alamos,New Mexico,87544,10:00 AM-3:00 PM,10:00 AM-3:00 PM,Closed,Closed,Closed,10:00 AM-3:00 PM,10:00 AM-3:00 PM
NEW MEXICO:,Book,,,Pecos NHP,1 Peach Drive,Pecos,New Mexico,87552,8:00 AM-4:30 PM,8:00 AM-4:30 PM,8:00 AM-4:30 PM,8:00 AM-4:30 PM,8:00 AM-4:30 PM,8:00 AM-4:30 PM,8:00 AM-4:30 PM,,E. E. Fogelson Visitor Center,1 Peach Drive,Pecos,New Mexico,87552,8:00 AM-4:30 PM,8:00 AM-4:30 PM,8:00 AM-4:30 PM,8:00 AM-4:30 PM,8:00 AM-4:30 PM,8:00 AM-4:30 PM,8:00 AM-4:30 PM
NEW MEXICO:,Book,,,Petroglyph NM,Western Trail NW,Albuquerque,New Mexico,87120,8:30 AM-4:30 PM,8:30 AM-4:30 PM,8:30 AM-4:30 PM,8:30 AM-4:30 PM,8:30 AM-4:30 PM,8:30 AM-4:30 PM,8:30 AM-4:30 PM,,Petroglyph NM Visitor Center,Western Trail NW,Albuquerque,New Mexico,87120,8:30 AM-4:30 PM,8:30 AM-4:30 PM,8:30 AM-4:30 PM,8:30 AM-4:30 PM,8:30 AM-4:30 PM,8:30 AM-4:30 PM,8:30 AM-4:30 PM
NEW MEXICO:,Book,,,Salinas Pueblo Missions NM,105 South Ripley Avenue,Mountainair,New Mexico,87036,10:00 AM-5:00 PM,10:00 AM-5:00 PM,10:00 AM-5:00 PM,10:00 AM-5:00 PM,10:00 AM-5:00 PM,10:00 AM-5:00 PM,10:00 AM-5:00 PM,,Salinas Pueblo Missions NM Visitor Center,105 South Ripley Avenue,Mountainair,New Mexico,87036,10:00 AM-5:00 PM,10:00 AM-5:00 PM,10:00 AM-5:00 PM,10:00 AM-5:00 PM,10:00 AM-5:00 PM,10:00 AM-5:00 PM,10:00 AM-5:00 PM
NEW MEXICO:,Book,,,Valles Caldera N PRES,39201 New Mexico Highway 4,Jemez Springs,New Mexico,87025,9:00 AM-5:00 PM,9:00 AM-5:00 PM,9:00 AM-5:00 PM,9:00 AM-5:00 PM,9:00 AM-5:00 PM,9:00 AM-5:00 PM,9:00 AM-5:00 PM,,Valles Caldera National Preserve Welcome Center,39201 New Mexico Highway 4,Jemez Springs,New Mexico,87025,9:00 AM-4:45 PM,9:00 AM-4:45 PM,9:00 AM-4:45 PM,9:00 AM-4:45 PM,9:00 AM-4:45 PM,9:00 AM-4:45 PM,9:00 AM-4:45 PM
NEW MEXICO:,Book,,,White Sands NP,19955 US-70,Alamogordo,New Mexico,88310,9:00 AM-5:00 PM,9:00 AM-5:00 PM,9:00 AM-5:00 PM,9:00 AM-5:00 PM,9:00 AM-5:00 PM,9:00 AM-5:00 PM,9:00 AM-5:00 PM,,White Sands NP Visitor Center,19955 US-70,Alamogordo,New Mexico,88310,9:00 AM-5:00 PM,9:00 AM-5:00 PM,9:00 AM-5:00 PM,9:00 AM-5:00 PM,9:00 AM-5:00 PM,9:00 AM-5:00 PM,9:00 AM-5:00 PM
,,,,,,,,,,,,,,,,,,,,,,,,,,,,
NEW YORK:,Book,,,African Burial Ground NM,290 Broadway,New York,New York,10007,10:00 AM-4:00 PM,10:00 AM-4:00 PM,10:00 AM-4:00 PM,10:00 AM-4:00 PM,10:00 AM-4:00 PM,10:00 AM-4:00 PM,10:00 AM-4:00 PM,,African Burial Ground Visitor Center,290 Broadway,New York,New York,10007,10:00 AM-4:00 PM,10:00 AM-4:00 PM,10:00 AM-4:00 PM,10:00 AM-4:00 PM,10:00 AM-4:00 PM,10:00 AM-4:00 PM,10:00 AM-4:00 PM
NEW YORK:,Book,,,Castle Clinton NM,Battery Park,New York,New York,10004,7:45 AM-5:00 PM,7:45 AM-5:00 PM,7:45 AM-5:00 PM,7:45 AM-5:00 PM,7:45 AM-5:00 PM,7:45 AM-5:00 PM,7:45 AM-5:00 PM,,Castle Clinton NM,Battery Park,New York,New York,10004,7:45 AM-5:00 PM,7:45 AM-5:00 PM,7:45 AM-5:00 PM,7:45 AM-5:00 PM,7:45 AM-5:00 PM,7:45 AM-5:00 PM,7:45 AM-5:00 PM
NEW YORK:,Book,,,Eleanor Roosevelt NHS,54 Valkill Park Road,Hyde Park,New York,12538,7:00 AM-5:00 PM,7:00 AM-5:00 PM,7:00 AM-5:00 PM,7:00 AM-5:00 PM,7:00 AM-5:00 PM,7:00 AM-5:00 PM,7:00 AM-5:00 PM,,Eleanor Roosevelt NHS Visitor Center,54 Valkill Park Road,Hyde Park,New York,12538,9:00 AM-4:00 PM,Closed,Closed,Closed,9:00 AM-4:00 PM,9:00 AM-4:00 PM,9:00 AM-4:00 PM
NEW YORK:,,,,Ellis Island,Ellis Island National Museum of Immigration,New York,New York,10004,9:00 AM-5:00 PM,9:00 AM-5:00 PM,9:00 AM-5:00 PM,9:00 AM-5:00 PM,9:00 AM-5:00 PM,9:00 AM-5:00 PM,9:00 AM-5:00 PM,,Ellis Island Information Desk,Ellis Island National Museum of Immigration,New York,New York,10004,9:00 AM-5:00 PM,9:00 AM-5:00 PM,9:00 AM-5:00 PM,9:00 AM-5:00 PM,9:00 AM-5:00 PM,9:00 AM-5:00 PM,9:00 AM-5:00 PM
NEW YORK:,Book,,,Federal Hall N MEM,15 Pine Street,New York,New York,10005,Closed,10:00 AM-5:00 PM,10:00 AM-5:00 PM,10:00 AM-5:00 PM,10:00 AM-5:00 PM,10:00 AM-5:00 PM,Closed,,Federal Hall N MEM,15 Pine Street,New York,New York,10005,Closed,10:00 AM-5:00 PM,10:00 AM-5:00 PM,10:00 AM-5:00 PM,10:00 AM-5:00 PM,10:00 AM-5:00 PM,Closed
NEW YORK:,Book,,,Fire Island NS,120 Laurel Street,Patchogue,New York,11772,Open,Open,Open,Open,Open,Open,Open,,Fire Island Lighthouse,Robert Moses Field #5 Parking Lot,Fire Island,New York,11702,10:00 AM-4:00 PM,10:00 AM-4:00 PM,10:00 AM-4:00 PM,10:00 AM-4:00 PM,10:00 AM-4:00 PM,10:00 AM-4:00 PM,10:00 AM-4:00 PM
NEW YORK:,Book,,,Fort Stanwix NM,100 North James St.,Rome,New York,13440,Closed,Closed,9:00 AM-5:00 PM,9:00 AM-5:00 PM,9:00 AM-5:00 PM,9:00 AM-5:00 PM,9:00 AM-5:00 PM,,Historic Fort Gregg Barracks,100 North James St.,Rome,New York,13440,Closed,Closed,9:30 AM-4:00 PM,9:30 AM-4:00 PM,9:30 AM-4:00 PM,9:30 AM-4:00 PM,9:30 AM-4:00 PM
NEW YORK:,Book,,,Gateway NRA,,Broad Channel,New York,11693,10:00AM-4:00 PM,10:00AM-4:00 PM,Closed,Closed,Closed,10:00AM-4:00 PM,10:00AM-4:00 PM,,Jamaica Bay Wildlife Refuge,175-10 Cross Bay Blvd,Broad Channel,New York,11693,6:00 AM-9:00 PM,6:00 AM-9:00 PM,6:00 AM-9:00 PM,6:00 AM-9:00 PM,6:00 AM-9:00 PM,6:00 AM-9:00 PM,6:00 AM-9:00 PM
NEW YORK:,Book,,,General Grant N MEM,Riverside Drive and W. 122nd Street,New York,New York,10027,10:00 AM-4:00 PM,Closed,Closed,10:00 AM-4:00 PM,10:00 AM-4:00 PM,10:00 AM-4:00 PM,10:00 AM-4:00 PM,,General Grant National Memorial Visitor Center and Overlook Pavilion,Riverside Drive and W. 122nd Street,New York,New York,10027,10:00 AM-4:00 PM,Closed,Closed,10:00 AM-4:00 PM,10:00 AM-4:00 PM,10:00 AM-4:00 PM,10:00 AM-4:00 PM
NEW YORK:,Book,,,Governors Island NM,10 South St,New York,New York,10004,10:00 AM-7:00 PM,10:00 AM-6:00 PM,10:00 AM-6:00 PM,10:00 AM-6:00 PM,10:00 AM-6:00 PM,10:00 AM-6:00 PM,10:00 AM-7:00 PM,,Castle Williams Gift Shop,,New York,New York,10004,10:00 AM-5:00 PM,Closed,Closed,10:00 AM-5:00 PM,10:00 AM-5:00 PM,10:00 AM-5:00 PM,10:00 AM-5:00 PM
NEW YORK:,Book,,,Hamilton Grange N MEM,414 West 141st Street,New York,New York,10031,10:00 AM-4:00 PM,Closed,Closed,10:00 AM-4:00 PM,10:00 AM-4:00 PM,10:00 AM-4:00 PM,10:00 AM-4:00 PM,,Visitor Center,414 West 141st Street,New York,New York,10031,10:00 AM-4:00 PM,Closed,Closed,10:00 AM-4:00 PM,10:00 AM-4:00 PM,10:00 AM-4:00 PM,10:00 AM-4:00 PM
NEW YORK:,Book,,,Harriet Tubman National Historical Park,47 Parker Street,Auburn,New York,13021,Closed,Closed,Closed,Closed,Closed,10:00 AM-4:00 PM,10:00 AM-4:00 PM,,Thompson Memorial A.M.E. Zion Church and Parsonage,47 Parker Street,Auburn,New York,13021,Closed,Closed,Closed,Closed,Closed,10:00 AM-4:00 PM,10:00 AM-4:00 PM
NEW YORK:,Book,,,Home of Franklin D. Roosevelt NHS,114 Estates Lane,Hyde Park,New York,12538,9:30 AM-4:00 PM,9:30 AM-4:00 PM,9:30 AM-4:00 PM,9:30 AM-4:00 PM,9:30 AM-4:00 PM,9:30 AM-4:00 PM,9:30 AM-4:00 PM,,Henry A Wallace Visitor Center,4079 Albany Post Rd,Hyde Park,New York,12538,9:00 AM-5:00 PM,9:00 AM-5:00 PM,9:00 AM-5:00 PM,9:00 AM-5:00 PM,9:00 AM-5:00 PM,9:00 AM-5:00 PM,9:00 AM-5:00 PM
NEW YORK:,,,,Lower East Side Tenement Museum NHS,103 Orchard Street,New York,New York,10002,10:00 AM-5:30 PM,10:00 AM-5:30 PM,10:00 AM-5:30 PM,10:00 AM-5:30 PM,10:00 AM-5:30 PM,10:00 AM-6:00 PM,10:00 AM-6:00 PM,,Lower East Side Tenement Museum Visitor Center and Museum Shop,103 Orchard Street,New York,New York,10002,10:00 AM-6:00 PM,10:00 AM-6:00 PM,10:00 AM-6:00 PM,10:00 AM-6:00 PM,10:00 AM-6:00 PM,10:00 AM-6:00 PM,10:00 AM-6:00 PM
NEW YORK:,Book,,,Martin Van Buren NHS,1013 Old Post Road,Kinderhook,New York,12106,7:00 AM-6:00 PM,7:00 AM-6:00 PM,7:00 AM-6:00 PM,7:00 AM-6:00 PM,7:00 AM-6:00 PM,7:00 AM-6:00 PM,7:00 AM-6:00 PM,,Visitor Center,1013 Old Post Road,Kinderhook,New York,12106,9:00 AM-4:30 PM,9:00 AM-4:30 PM,9:00 AM-4:30 PM,9:00 AM-4:30 PM,9:00 AM-4:30 PM,9:00 AM-4:30 PM,9:00 AM-4:30 PM
NEW YORK:,Book,,,Sagamore Hill NHS,20 Sagamore Hill Road,Oyster Bay,New York,11771,7:00 AM-6:00 PM,7:00 AM-6:00 PM,7:00 AM-6:00 PM,7:00 AM-6:00 PM,7:00 AM-6:00 PM,7:00 AM-6:00 PM,7:00 AM-6:00 PM,,Theodore Roosevelt Museum at Old Orchard,20 Sagamore Hill Rd,Oyster Bay,New York,11771,11:00 AM-4:00 PM,Closed,Closed,Closed,11:00 AM-4:00 PM,11:00 AM-4:00 PM,11:00 AM-4:00 PM
NEW YORK:,Book,,,Saint Paul’s Church NHS,897 South Columbus Avenue,Mount Vernon,New York,10550,Closed,Closed,10:00 AM-5:00 PM,10:00 AM-5:00 PM,10:00 AM-5:00 PM,10:00 AM-5:00 PM,10:00 AM-5:00 PM,,Visitor Center,897 South Columbus Avenue,Mount Vernon,New York,10550,Closed,Closed,10:00 AM-5:00 PM,10:00 AM-5:00 PM,10:00 AM-5:00 PM,10:00 AM-5:00 PM,10:00 AM-5:00 PM
NEW YORK:,Book,,,Saratoga NHP,648 Route 32,Stillwater,New York,12170,9:00 AM-5:00 PM,9:00 AM-5:00 PM,9:00 AM-5:00 PM,9:00 AM-5:00 PM,9:00 AM-5:00 PM,9:00 AM-5:00 PM,9:00 AM-5:00 PM,,Visitor Center,648 Route 32,Stillwater,New York,12170,9:00 AM-5:00 PM,9:00 AM-5:00 PM,9:00 AM-5:00 PM,9:00 AM-5:00 PM,9:00 AM-5:00 PM,9:00 AM-5:00 PM,9:00 AM-5:00 PM
NEW YORK:,Book,,,Statue of Liberty NM,Liberty Island,New York,New York,10004,9:00 AM-4:30 PM,9:00 AM-4:30 PM,9:00 AM-4:30 PM,9:00 AM-4:30 PM,9:00 AM-4:30 PM,9:00 AM-4:30 PM,9:00 AM-4:30 PM,,Liberty Island Information Center,Liberty Island,New York,New York,10004,9:30 AM-4:30 PM,9:30 AM-4:30 PM,9:30 AM-4:30 PM,9:30 AM-4:30 PM,9:30 AM-4:30 PM,9:30 AM-4:30 PM,9:30 AM-4:30 PM
NEW YORK:,Book,,,Stonewall NM,"Intersection of Christopher, Grove, and Fourth Streets.",New York,New York,10014,7:00 AM-8:00 PM,Closed,7:00 AM-8:00 PM,7:00 AM-8:00 PM,7:00 AM-8:00 PM,7:00 AM-8:00 PM,7:00 AM-8:00 PM,,Stonewall National Monument Visitor Center,51 Christopher St,New York,New York,10014,10:00 AM-4:00 PM,Closed,10:00 AM-4:00 PM,10:00 AM-4:00 PM,10:00 AM-4:00 PM,10:00 AM-4:00 PM,10:00 AM-4:00 PM
NEW YORK:,Book,,,Theodore Roosevelt Birthplace NHS,28 East 20th Street,New York,New York,10003,10:00 AM-4:00 PM,Closed,Closed,10:00 AM-4:00 PM,10:00 AM-4:00 PM,10:00 AM-4:00 PM,10:00 AM-4:00 PM,,Visitor Center,28 East 20th Street,New York,New York,10003,10:00 AM-4:00 PM,Closed,Closed,10:00 AM-4:00 PM,10:00 AM-4:00 PM,10:00 AM-4:00 PM,10:00 AM-4:00 PM
NEW YORK:,Book,,,Theodore Roosevelt Inaugural NHS,641 Delaware Avenue,Buffalo,New York,14202,11:00 AM-5:00 PM,9:00 AM-5:00 PM,9:00 AM-5:00 PM,9:00 AM-5:00 PM,9:00 AM-5:00 PM,9:00 AM-5:00 PM,11:00 AM-5:00 PM,,Visitor Center,641 Delaware Avenue,Buffalo,New York,14202,11:00 AM-5:00 PM,9:00 AM-5:00 PM,9:00 AM-5:00 PM,9:00 AM-5:00 PM,9:00 AM-5:00 PM,9:00 AM-5:00 PM,11:00 AM-5:00 PM
NEW YORK:,,,,Thomas Cole NHS,218 Spring Street,Catskill,New York,12414,Open,Open,Open,Open,Open,Open,Open,,Visitor Center,218 Spring Street,Catskill,New York,12414,11:00 AM-4:00 PM,Closed,Closed,11:00 AM-4:00 PM,11:00 AM-4:00 PM,11:00 AM-4:00 PM,11:00 AM-4:00 PM
NEW YORK:,Book,,,Vanderbilt Mansion NHS,81 Vanderbilt Park Road,Hyde Park,New York,12538,10:00 AM-4:00 PM,10:00 AM-4:00 PM,10:00 AM-4:00 PM,10:00 AM-4:00 PM,10:00 AM-4:00 PM,10:00 AM-4:00 PM,10:00 AM-4:00 PM,,Pavilion Visitors Center,1 Vanderbilt Park Rd,Hyde Park,New York,12538,9:00 AM-5:00 PM,9:00 AM-5:00 PM,9:00 AM-5:00 PM,9:00 AM-5:00 PM,9:00 AM-5:00 PM,9:00 AM-5:00 PM,9:00 AM-5:00 PM
NEW YORK:,Book,,,Women’s Rights NHP,136 Fall Street,Seneca Falls,New York,13148,9:00 AM-5:00 PM,10:00 AM-4:00 PM,10:00 AM-4:00 PM,10:00 AM-4:00 PM,10:00 AM-4:00 PM,9:00 AM-5:00 PM,9:00 AM-5:00 PM,,Visitor Center,136 Fall Street,Seneca Falls,New York,13148,9:00 AM-5:00 PM,10:00 AM-4:00 PM,10:00 AM-4:00 PM,10:00 AM-4:00 PM,10:00 AM-4:00 PM,9:00 AM-5:00 PM,9:00 AM-5:00 PM
,,,,,,,,,,,,,,,,,,,,,,,,,,,,
NORTH CAROLINA:,Book,,,Blue Ridge Parkway,Milepost 384,Asheville,North Carolina,28803,Open,Open,Open,Open,Open,Open,Open,,Blue Ridge Parkway Visitor Center,195 Hemphill Knob Rd,Asheville,North Carolina,28803,9:00 AM-4:30 PM,9:00 AM-4:30 PM,9:00 AM-4:30 PM,9:00 AM-4:30 PM,9:00 AM-4:30 PM,9:00 AM-4:30 PM,9:00 AM-4:30 PM
NORTH CAROLINA:,Book,,,Cape Hatteras NS,46375 Lighthouse Road,Buxton,North Carolina,27920,Open,Open,Open,Open,Open,Open,Open,,Bodie Island Visitor Center,8180 Bodie Island Lighthouse Rd,Nags Head,North Carolina,27959,9:00 AM-5:00 PM,9:00 AM-5:00 PM,9:00 AM-5:00 PM,9:00 AM-5:00 PM,9:00 AM-5:00 PM,9:00 AM-5:00 PM,9:00 AM-5:00 PM
NORTH CAROLINA:,Book,,,Cape Lookout NS,1800 Island Rd,Harkers Island,North Carolina,28531,Open,Open,Open,Open,Open,Open,Open,,Harkers Island Visitor Center,1800 Island Road,Harkers Island,North Carolina,28531,Closed,9:00 AM-5:00 PM,9:00 AM-5:00 PM,9:00 AM-5:00 PM,9:00 AM-5:00 PM,9:00 AM-5:00 PM,9:00 AM-5:00 PM
NORTH CAROLINA:,Book,,,Carl Sandburg Home NHS,81 Carl Sandburg Lane,Flat Rock,North Carolina,28731,10:0 AM-4:00 PM,Closed,Closed,Closed,10:0 AM-4:00 PM,10:0 AM-4:00 PM,10:0 AM-4:00 PM,,Visitor Center/Park Store and Information,81 Carl Sandburg Lane,Flat Rock,North Carolina,28731,10:0 AM-4:00 PM,Closed,Closed,Closed,10:0 AM-4:00 PM,10:0 AM-4:00 PM,10:0 AM-4:00 PM
NORTH CAROLINA:,Book,,,Fort Raleigh NHS,1500 Fort Raleigh Road,Manteo,North Carolina,27954,Open,Open,Open,Open,Open,Open,Open,,Lindsay Warren Visitor Center,1500 Fort Raleigh Rd,Manteo,North Carolina,27954,9:00 AM-5:00 PM,9:00 AM-5:00 PM,9:00 AM-5:00 PM,9:00 AM-5:00 PM,9:00 AM-5:00 PM,9:00 AM-5:00 PM,9:00 AM-5:00 PM
NORTH CAROLINA:,Book,,,Guilford Courthouse NMP,2332 New Garden Road,Greensboro,North Carolina,27410,8:30 AM-5:00 PM,8:30 AM-5:00 PM,8:30 AM-5:00 PM,8:30 AM-5:00 PM,8:30 AM-5:00 PM,8:30 AM-5:00 PM,8:30 AM-5:00 PM,,Visitor Center,2332 New Garden Road,Greensboro,North Carolina,27410,9:00 AM-5:00 PM,9:00 AM-5:00 PM,9:00 AM-5:00 PM,9:00 AM-5:00 PM,9:00 AM-5:00 PM,9:00 AM-5:00 PM,9:00 AM-5:00 PM
NORTH CAROLINA:,Book,,,Moores Creek NB,40 Patriots Hall Dr.,Currie,North Carolina,28435,Closed,Closed,9:00 AM-5:00 PM,9:00 AM-5:00 PM,9:00 AM-5:00 PM,9:00 AM-5:00 PM,9:00 AM-5:00 PM,,Visitor Center,40 Patriots Hall Dr.,Currie,North Carolina,28435,Closed,Closed,9:00 AM-5:00 PM,9:00 AM-5:00 PM,9:00 AM-5:00 PM,9:00 AM-5:00 PM,9:00 AM-5:00 PM
NORTH CAROLINA:,Book,,,Wright Brothers N MEM,1000 North Croatan Highway,Kill Devil Hills,North Carolina,27948,9:00 AM-5:00 PM,9:00 AM-5:00 PM,9:00 AM-5:00 PM,9:00 AM-5:00 PM,9:00 AM-5:00 PM,9:00 AM-5:00 PM,9:00 AM-5:00 PM,,Wright Brothers Visitor Center and Museum,1000 North Croatan Highway,Kill Devil Hills,North Carolina,27948,9:00 AM-5:00 PM,9:00 AM-5:00 PM,9:00 AM-5:00 PM,9:00 AM-5:00 PM,9:00 AM-5:00 PM,9:00 AM-5:00 PM,9:00 AM-5:00 PM
,,,,,,,,,,,,,,,,,,,,,,,,,,,,
NORTH DAKOTA:,Book,X,,Fort Union Trading Post NHS,,,,,,,,,,,,,,,,,,,,,,,,
NORTH DAKOTA:,Book,X,,Knife River Indian Villages NHS,,,,,,,,,,,,,,,,,,,,,,,,
NORTH DAKOTA:,Book,X,,Theodore Roosevelt NP,,,,,,,,,,,,,,,,,,,,,,,,
,,,,,,,,,,,,,,,,,,,,,,,,,,,,
OHIO:,Book,,,Charles Young Buffalo Soldiers NM,1120 U.S. Route 42 E,Wilberforce,Ohio,45384,9:00 AM-4:30 PM,Closed,Closed,9:00 AM-4:30 PM,9:00 AM-4:30 PM,9:00 AM-4:30 PM,9:00 AM-4:30 PM,,Youngsholm,1120 U.S. Route 42 E,Wilberforce,Ohio,45384,9:00 AM-4:30 PM,Closed,Closed,9:00 AM-4:30 PM,9:00 AM-4:30 PM,9:00 AM-4:30 PM,9:00 AM-4:30 PM
OHIO:,Book,,,Cuyahoga Valley NP,6947 Riverview Road,Peninsula,Ohio,44264,Open,Open,Open,Open,Open,Open,Open,,Boston Mill Visitor Center,6947 Riverview Rd,Peninsula,Ohio,44264,9:30 AM-5:00 PM,9:30 AM-5:00 PM,9:30 AM-5:00 PM,9:30 AM-5:00 PM,9:30 AM-5:00 PM,9:30 AM-5:00 PM,9:30 AM-5:00 PM
OHIO:,Book,,,Dayton Aviation Heritage NHP,16 South Williams Street,Dayton,Ohio,45402,9:00 AM-4:00 PM,Closed,Closed,9:00 AM-4:00 PM,9:00 AM-4:00 PM,9:00 AM-4:00 PM,9:00 AM-4:00 PM,,Wright-Dunbar Interpretive Center,22 S Williams St,Dayton,Ohio,45402,10:00 AM-4:00 PM,Closed,Closed,10:00 AM-4:00 PM,10:00 AM-4:00 PM,10:00 AM-4:00 PM,10:00 AM-4:00 PM
OHIO:,Book,,,First Ladies NHS,205 Market Avenue South,Canton,Ohio,44702,Closed,Closed,9:00 AM-4:00 PM,9:00 AM-4:00 PM,9:00 AM-4:00 PM,9:00 AM-4:00 PM,9:00 AM-4:00 PM,,Visitor Center,205 Market Avenue South,Canton,Ohio,44702,Closed,Closed,9:00 AM-4:00 PM,9:00 AM-4:00 PM,9:00 AM-4:00 PM,9:00 AM-4:00 PM,9:00 AM-4:00 PM
OHIO:,Book,,,Hopewell Culture NHP,16062 State Route 104,Chillicothe,Ohio,45601,7:00 AM-6:00 PM,7:00 AM-6:00 PM,7:00 AM-6:00 PM,7:00 AM-6:00 PM,7:00 AM-6:00 PM,7:00 AM-6:00 PM,7:00 AM-6:00 PM,,Mound City Group Visitor Center,16062 OH-104,Chillicothe,Ohio,45601,9:00 AM-4:00 PM,9:00 AM-4:00 PM,9:00 AM-4:00 PM,9:00 AM-4:00 PM,9:00 AM-4:00 PM,9:00 AM-4:00 PM,9:00 AM-4:00 PM
OHIO:,Book,,,James A. Garfield NHS,8095 Mentor Avenue,Mentor,Ohio,44060,10:00 AM-5:00 PM,10:00 AM-5:00 PM,10:00 AM-5:00 PM,10:00 AM-5:00 PM,10:00 AM-5:00 PM,10:00 AM-5:00 PM,10:00 AM-5:00 PM,,James A. Garfield National Historic Site Visitor Center,8095 Mentor Avenue,Mentor,Ohio,44060,10:00 AM-5:00 PM,10:00 AM-5:00 PM,10:00 AM-5:00 PM,10:00 AM-5:00 PM,10:00 AM-5:00 PM,10:00 AM-5:00 PM,10:00 AM-5:00 PM
OHIO:,Book,,,Perry’s Victory & International Peace MEM,93 Delaware Avenue,Put-in-Bay,Ohio,43456,10:00 AM-6:00 PM,10:00 AM-6:00 PM,10:00 AM-6:00 PM,10:00 AM-6:00 PM,10:00 AM-6:00 PM,10:00 AM-6:00 PM,10:00 AM-6:00 PM,,Visitor Center,93 Delaware Avenue,Put-in-Bay,Ohio,43456,10:00 AM-6:00 PM,10:00 AM-6:00 PM,10:00 AM-6:00 PM,10:00 AM-6:00 PM,10:00 AM-6:00 PM,10:00 AM-6:00 PM,10:00 AM-6:00 PM
OHIO:,Book,,,William Howard Taft NHS,2038 Auburn Avenue,Cincinnati,Ohio,45219,9:00 AM-4:00 PM,Closed,Closed,Closed,9:00 AM-4:00 PM,9:00 AM-4:00 PM,9:00 AM-4:00 PM,,Taft Education Center,2038 Auburn Avenue,Cincinnati,Ohio,45219,9:00 AM-4:00 PM,Closed,Closed,Closed,9:00 AM-4:00 PM,9:00 AM-4:00 PM,9:00 AM-4:00 PM
,,,,,,,,,,,,,,,,,,,,,,,,,,,,
OKLAHOMA:,Book,,,Chickasaw NRA,901 W. 1st Street,Sulphur,Oklahoma,73086,Open,Open,Open,Open,Open,Open,Open,,Travertine Nature Center,1504 Perimeter Rd,Sulphur,Oklahoma,73086,9:00 AM-4:30 PM,9:00 AM-4:30 PM,Closed,Closed,9:00 AM-4:30 PM,9:00 AM-4:30 PM,9:00 AM-4:30 PM
OKLAHOMA:,,,,Oklahoma City N MEM,620 N. Harvey Ave.,Oklahoma City,Oklahoma,73102,Open,Open,Open,Open,Open,Open,Open,,Visitor Center,620 N. Harvey Ave.,Oklahoma City,Oklahoma,73102,12:00 PM-5:00 PM,9:00 AM-5:00 PM,9:00 AM-5:00 PM,9:00 AM-5:00 PM,9:00 AM-5:00 PM,9:00 AM-5:00 PM,9:00 AM-5:00 PM
OKLAHOMA:,Book,,,Washita Battlefield NHS,"18555 Hwy 47A, Ste. A",Cheyenne,Oklahoma,73628,7:00 AM-6:00 PM,7:00 AM-6:00 PM,7:00 AM-6:00 PM,7:00 AM-6:00 PM,7:00 AM-6:00 PM,7:00 AM-6:00 PM,7:00 AM-6:00 PM,,Washita Battlefield Visitor Center,18555 OK-47 Alt,Cheyenne,Oklahoma,73628,8:00 AM-4:30 PM,8:00 AM-4:30 PM,8:00 AM-4:30 PM,8:00 AM-4:30 PM,8:00 AM-4:30 PM,8:00 AM-4:30 PM,8:00 AM-4:30 PM
,,,,,,,,,,,,,,,,,,,,,,,,,,,,
OREGON:,Book,,,Crater Lake NP,1 Sager Building,Crater Lake,Oregon,97604,9:30 AM-5:00 PM,9:30 AM-5:00 PM,9:30 AM-5:00 PM,9:30 AM-5:00 PM,9:30 AM-5:00 PM,9:30 AM-5:00 PM,9:30 AM-5:00 PM,,Rim Visitor Center,1 Sager Building,Crater Lake,Oregon,97604,9:30 AM-5:00 PM,9:30 AM-5:00 PM,9:30 AM-5:00 PM,9:30 AM-5:00 PM,9:30 AM-5:00 PM,9:30 AM-5:00 PM,9:30 AM-5:00 PM
OREGON:,Book,,,John Day Fossil Beds NM,32651 Highway 19,Kimberly,Oregon,97848,Open,Open,Open,Open,Open,Open,Open,,Thomas Condon Visitor Center,32651 OR-19,Kimberly,Oregon,97848,10:00 AM-4:00 PM,10:00 AM-4:00 PM,Closed,Closed,10:00 AM-4:00 PM,10:00 AM-4:00 PM,10:00 AM-4:00 PM
OREGON:,Book,,,Lewis & Clark NHP,92343 Fort Clatsop Road,Astoria,Oregon,97103,9:00 AM-5:00 PM,9:00 AM-5:00 PM,9:00 AM-5:00 PM,9:00 AM-5:00 PM,9:00 AM-5:00 PM,9:00 AM-5:00 PM,9:00 AM-5:00 PM,,Fort Clatsop Visitor Center,92345 Fort Clatsop Rd,Astoria,Oregon,97103,9:00 AM-5:00 PM,9:00 AM-5:00 PM,9:00 AM-5:00 PM,9:00 AM-5:00 PM,9:00 AM-5:00 PM,9:00 AM-5:00 PM,9:00 AM-5:00 PM
OREGON:,Book,,,Oregon Caves NM & PRES,19000 Caves Hwy,Cave Junction,Oregon,97523,Open,Open,Open,Open,Open,Open,Open,,Oregon Caves Tours & Visitor Center,21000 Caves Hwy,Cave Junction,Oregon,97523,9:30 AM-5:00 PM,9:30 AM-5:00 PM,9:30 AM-5:00 PM,9:30 AM-5:00 PM,9:30 AM-5:00 PM,9:30 AM-5:00 PM,9:30 AM-5:00 PM
,,,,,,,,,,,,,,,,,,,,,,,,,,,,
PENNSYLVANIA:,Book,,,Allegheny Portage Railroad NHS,110 Federal Park Road,Gallitzin,Pennsylvania,16641,9:00 AM-5:00 PM,9:00 AM-5:00 PM,9:00 AM-5:00 PM,Closed,Closed,9:00 AM-5:00 PM,9:00 AM-5:00 PM,,Summit Level Visitor Center,Tunnelhill St,Duncansville,Pennsylvania,16635,9:00 AM-5:00 PM,9:00 AM-5:00 PM,9:00 AM-5:00 PM,9:00 AM-5:00 PM,9:00 AM-5:00 PM,9:00 AM-5:00 PM,9:00 AM-5:00 PM
PENNSYLVANIA:,Book,,,Delaware Water Gap NRA,1978 River Road,Bushkill,Pennsylvania,18324,Open,Open,Open,Open,Open,Open,Open,,Park Headquarters,1978 River Road,Bushkill,Pennsylvania,18324,,,,,,,
PENNSYLVANIA:,Book,,,Edgar Allan Poe NHS,532 N. 7th Street,Philadelphia,Pennsylvania,19123,,,,,,,,,,532 N. 7th Street,Philadelphia,Pennsylvania,19123,,,,,,,
PENNSYLVANIA:,Book,X,,Eisenhower NHS,,,Pennsylvania,,,,,,,,,,,,,Pennsylvania,,,,,,,,
PENNSYLVANIA:,Book,,,Flight 93 N MEM,6424 Lincoln Highway,Stoystown,Pennsylvania,15563,7:00 AM-6:00 PM,7:00 AM-6:00 PM,7:00 AM-6:00 PM,7:00 AM-6:00 PM,7:00 AM-6:00 PM,7:00 AM-6:00 PM,7:00 AM-6:00 PM,,Flight 93 Visitor Center,6424 Lincoln Highway,Stoystown,Pennsylvania,15563,9:00 AM-5:00 PM,9:00 AM-5:00 PM,9:00 AM-5:00 PM,9:00 AM-5:00 PM,9:00 AM-5:00 PM,9:00 AM-5:00 PM,9:00 AM-5:00 PM
PENNSYLVANIA:,Book,,,Fort Necessity NB,3 Washington Parkway,Farmington,Pennsylvania,15437,7:00 AM-6:00 PM,7:00 AM-6:00 PM,7:00 AM-6:00 PM,7:00 AM-6:00 PM,7:00 AM-6:00 PM,7:00 AM-6:00 PM,7:00 AM-6:00 PM,,Fort Necessity/National Road Interpretive and Education Center,3 Washington Parkway,Farmington,Pennsylvania,15437,9:00 AM-5:00 PM,9:00 AM-5:00 PM,9:00 AM-5:00 PM,9:00 AM-5:00 PM,9:00 AM-5:00 PM,9:00 AM-5:00 PM,9:00 AM-5:00 PM
PENNSYLVANIA:,Book,,,Friendship Hill NHS,223 New Geneva Rd.,Point Marion,Pennsylvania,15470,7:00 AM-6:00 PM,7:00 AM-6:00 PM,7:00 AM-6:00 PM,7:00 AM-6:00 PM,7:00 AM-6:00 PM,7:00 AM-6:00 PM,7:00 AM-6:00 PM,,Gallatin House,223 New Geneva Road,Point Marion,Pennsylvania,15474,9:00 AM-5:00 PM,9:00 AM-5:00 PM,9:00 AM-5:00 PM,9:00 AM-5:00 PM,9:00 AM-5:00 PM,9:00 AM-5:00 PM,9:00 AM-5:00 PM
PENNSYLVANIA:,Book,X,,Gettysburg NMP,,,Pennsylvania,,,,,,,,,,,,,Pennsylvania,,,,,,,,
PENNSYLVANIA:,,,,Gloria Dei Church NHS,916 S. Swanson Street,Philadelphia,Pennsylvania,19147,5:00 AM-11:00 PM,5:00 AM-11:00 PM,5:00 AM-11:00 PM,5:00 AM-11:00 PM,5:00 AM-11:00 PM,5:00 AM-11:00 PM,5:00 AM-11:00 PM,,Gloria Dei Church NHS,916 S. Swanson Street,Philadelphia,Pennsylvania,19147,9:00 AM-4:00 PM,Closed,9:00 AM-4:00 PM,9:00 AM-4:00 PM,9:00 AM-4:00 PM,9:00 AM-4:00 PM,9:00 AM-4:00 PM
PENNSYLVANIA:,Book,,,Hopewell Furnace NHS,2 Mark Bird Lane,Elverson,Pennsylvania,19520,9:00 AM-5:00 PM,Closed,Closed,9:00 AM-5:00 PM,9:00 AM-5:00 PM,9:00 AM-5:00 PM,9:00 AM-5:00 PM,,Hopewell Furnace NHS Visitor Center ,2 Mark Bird Ln,Elverson,Pennsylvania,19520,9:00 AM-5:00 PM,9:00 AM-5:00 PM,9:00 AM-5:00 PM,9:00 AM-5:00 PM,9:00 AM-5:00 PM,9:00 AM-5:00 PM,9:00 AM-5:00 PM
PENNSYLVANIA:,Book,,,Independence NHP,599 Market Street,Philadelphia,Pennsylvania,19106,9:00 AM-5:00 PM,9:00 AM-5:00 PM,9:00 AM-5:00 PM,9:00 AM-5:00 PM,9:00 AM-5:00 PM,9:00 AM-5:00 PM,9:00 AM-5:00 PM,,Independence Visitor Center,599 Market St,Philadelphia,Pennsylvania,19106,9:00 AM-5:00 PM,9:00 AM-5:00 PM,9:00 AM-5:00 PM,9:00 AM-5:00 PM,9:00 AM-5:00 PM,9:00 AM-5:00 PM,9:00 AM-5:00 PM
PENNSYLVANIA:,Book,,,Johnstown Flood N MEM,733 Lake Road,South Fork,Pennsylvania,15956,9:00 AM-5:00 PM,9:00 AM-5:00 PM,9:00 AM-5:00 PM,Closed,Closed,9:00 AM-5:00 PM,9:00 AM-5:00 PM,,Johnstown Flood National Memorial Visitor Center,733 Lake Road,South Fork,Pennsylvania,15956,9:00 AM-5:00 PM,9:00 AM-5:00 PM,9:00 AM-5:00 PM,Closed,Closed,9:00 AM-5:00 PM,9:00 AM-5:00 PM
PENNSYLVANIA:,Book,,,Steamtown NHS,350 Cliff Street,Scranton,Pennsylvania,18503,9:30 AM-5:00 PM,9:30 AM-5:00 PM,9:30 AM-5:00 PM,9:30 AM-5:00 PM,9:30 AM-5:00 PM,9:30 AM-5:00 PM,9:30 AM-5:00 PM,,Visitor Center and Park Store,350 Cliff Street,Scranton,Pennsylvania,18503,9:30 AM-5:00 PM,9:30 AM-5:00 PM,9:30 AM-5:00 PM,9:30 AM-5:00 PM,9:30 AM-5:00 PM,9:30 AM-5:00 PM,9:30 AM-5:00 PM
PENNSYLVANIA:,Book,,,Thaddeus Kosciuszko N MEM,3rd and Pine Streets,Philadelphia,Pennsylvania,19106,12:00 PM-4:00 PM,Closed,Closed,Closed,Closed,Closed,12:00 PM-4:00 PM,,Independence Visitor Center,599 Market St,Philadelphia,Pennsylvania,19106,9:00 AM-5:00 PM,9:00 AM-5:00 PM,9:00 AM-5:00 PM,9:00 AM-5:00 PM,9:00 AM-5:00 PM,9:00 AM-5:00 PM,9:00 AM-5:00 PM
PENNSYLVANIA:,Book,,,Upper Delaware SRR,274 River Road,Beach Lake,Pennsylvania,18405,Open,Open,Open,Open,Open,Open,Open,,Upper Delaware Scenic & Recreational River Headquarters,274 River Road,Beach Lake,Pennsylvania,18405,Closed,7:30 AM-4:00 PM,7:30 AM-4:00 PM,7:30 AM-4:00 PM,7:30 AM-4:00 PM,7:30 AM-4:00 PM,Closed
PENNSYLVANIA:,Book,,,Valley Forge NHP,1400 North Outer Line Drive,King of Prussia,Pennsylvania,19406,7:00 AM-6:00 PM,7:00 AM-6:00 PM,7:00 AM-6:00 PM,7:00 AM-6:00 PM,7:00 AM-6:00 PM,7:00 AM-6:00 PM,7:00 AM-6:00 PM,,Visitor Center at Valley Forge,1400 N Outer Line Dr,King of Prussia,Pennsylvania,19406,9:00 AM-5:00 PM,9:00 AM-5:00 PM,9:00 AM-5:00 PM,9:00 AM-5:00 PM,9:00 AM-5:00 PM,9:00 AM-5:00 PM,9:00 AM-5:00 PM
,,,,,,,,,,,,,,,,,,,,,,,,,,,,
RHODE ISLAND:,Book,,,Roger Williams N MEM,282 North Main Street,Providence,Rhode Island,02903,7:00 AM-6:00 PM,7:00 AM-6:00 PM,7:00 AM-6:00 PM,7:00 AM-6:00 PM,7:00 AM-6:00 PM,7:00 AM-6:00 PM,7:00 AM-6:00 PM,,Visitor Center,282 North Main Street,Providence,Rhode Island,02903,10:00 AM-4:00 PM,Closed,Closed,Closed,10:00 AM-4:00 PM,10:00 AM-4:00 PM,10:00 AM-4:00 PM
RHODE ISLAND:,,,,Touro Synagogue NHS,85 Touro Street,Newport,Rhode Island,02840,Open,Open,Open,Open,Open,Open,Open,,Loeb Visitors Center,50-52 Spring St,Newport,Rhode Island,02840,9:30 AM-1:30 PM,9:30 AM-1:30 PM,9:30 AM-1:30 PM,9:30 AM-1:30 PM,9:30 AM-1:30 PM,Closed,Closed
,,,,,,,,,,,,,,,,,,,,,,,,,,,,
SOUTH CAROLINA:,Book,,,Charles Pinckney NHS,1254 Long Point Road,Mount Pleasant,South Carolina,29464,9:00 AM-5:00 PM,Closed,Closed,9:00 AM-5:00 PM,9:00 AM-5:00 PM,9:00 AM-5:00 PM,9:00 AM-5:00 PM,,Charles Pinckney National Historic Site Visitor Center,1254 Long Point Road,Mount Pleasant,South Carolina,29464,9:00 AM-5:00 PM,Closed,Closed,9:00 AM-5:00 PM,9:00 AM-5:00 PM,9:00 AM-5:00 PM,9:00 AM-5:00 PM
SOUTH CAROLINA:,Book,,,Congaree NP,100 National Park Road,Hopkins,South Carolina,29061,Open,Open,Open,Open,Open,Open,Open,,Harry Hampton Visitor Center,100 National Park Rd,Hopkins,South Carolina,29061,9:00 AM-5:00 PM,9:00 AM-5:00 PM,9:00 AM-5:00 PM,9:00 AM-5:00 PM,9:00 AM-5:00 PM,9:00 AM-5:00 PM,9:00 AM-5:00 PM
SOUTH CAROLINA:,Book,,,Cowpens NB,4001 Chesnee Hwy,Gaffney,South Carolina,29341,9:00 AM-5:00 PM,9:00 AM-5:00 PM,9:00 AM-5:00 PM,9:00 AM-5:00 PM,9:00 AM-5:00 PM,9:00 AM-5:00 PM,9:00 AM-5:00 PM,,Cowpens National Battlefield,4001 Chesnee Hwy,Gaffney,South Carolina,29341,9:00 AM-5:00 PM,Closed,Closed,9:00 AM-5:00 PM,9:00 AM-5:00 PM,9:00 AM-5:00 PM,9:00 AM-5:00 PM
SOUTH CAROLINA:,Book,,,Fort Sumter & Fort Moultrie NHP,1214 Middle St,Sullivan's Island,South Carolina,29482,9:00 AM-4:30 PM,9:00 AM-4:30 PM,9:00 AM-4:30 PM,9:00 AM-4:30 PM,9:00 AM-4:30 PM,9:00 AM-4:30 PM,9:00 AM-4:30 PM,,Fort Sumter & Fort Moultrie NHP,1214 Middle St,Sullivan's Island,South Carolina,29482,9:00 AM-4:30 PM,9:00 AM-4:30 PM,9:00 AM-4:30 PM,9:00 AM-4:30 PM,9:00 AM-4:30 PM,9:00 AM-4:30 PM,9:00 AM-4:30 PM
SOUTH CAROLINA:,Book,,,Kings Mountain NMP,2300 Park Road,Blacksburg,South Carolina,29702,9:00 AM-5:00 PM,9:00 AM-5:00 PM,9:00 AM-5:00 PM,9:00 AM-5:00 PM,9:00 AM-5:00 PM,9:00 AM-5:00 PM,9:00 AM-5:00 PM,,Kings Mountain National Military Park,2300 Park Road,Blacksburg,South Carolina,29702,9:00 AM-5:00 PM,Closed,Closed,9:00 AM-5:00 PM,9:00 AM-5:00 PM,9:00 AM-5:00 PM,9:00 AM-5:00 PM
SOUTH CAROLINA:,Book,,,Ninety Six NHS,1103 Hwy 248,Ninety Six,South Carolina,29666,7:00 AM-6:00 PM,7:00 AM-6:00 PM,7:00 AM-6:00 PM,7:00 AM-6:00 PM,7:00 AM-6:00 PM,7:00 AM-6:00 PM,7:00 AM-6:00 PM,,Ninety Six National Historic Site,1103 Hwy 248,Ninety Six,South Carolina,29666,9:00 AM-4:30 PM,Closed,Closed,9:00 AM-4:30 PM,9:00 AM-4:30 PM,9:00 AM-4:30 PM,9:00 AM-4:30 PM
SOUTH CAROLINA:,Book,,,Reconstruction Era NHP,706 Craven Street,Beaufort,South Carolina,29902,9:00 AM-5:00 PM,9:00 AM-5:00 PM,9:00 AM-5:00 PM,9:00 AM-5:00 PM,9:00 AM-5:00 PM,9:00 AM-5:00 PM,9:00 AM-5:00 PM,,Reconstruction Era National Historical Park Visitor Center,706 Craven Street,Beaufort,South Carolina,29902,9:00 AM-5:00 PM,9:00 AM-5:00 PM,9:00 AM-5:00 PM,9:00 AM-5:00 PM,9:00 AM-5:00 PM,9:00 AM-5:00 PM,9:00 AM-5:00 PM
,,,,,,,,,,,,,,,,,,,,,,,,,,,,
SOUTH DAKOTA:,Book,X,,Badlands NP,,,,,,,,,,,,,,,,,,,,,,,,
SOUTH DAKOTA:,Book,X,,Jewel Cave NM,,,,,,,,,,,,,,,,,,,,,,,,
SOUTH DAKOTA:,Book,X,,Minuteman Missile NHS,,,,,,,,,,,,,,,,,,,,,,,,
SOUTH DAKOTA:,Book,X,,Missouri NRR,,,,,,,,,,,,,,,,,,,,,,,,
SOUTH DAKOTA:,Book,X,,Mt. Rushmore N MEM,,,,,,,,,,,,,,,,,,,,,,,,
SOUTH DAKOTA:,Book,X,,Wind Cave NP,,,,,,,,,,,,,,,,,,,,,,,,
,,,,,,,,,,,,,,,,,,,,,,,,,,,,
TENNESSEE:,Book,,,Andrew Johnson NHS,121 Monument Ave. ,Greeneville,Tennessee,37743,9:00 AM-4:00 PM,9:00 AM-4:00 PM,9:00 AM-4:00 PM,9:00 AM-4:00 PM,9:00 AM-4:00 PM,9:00 AM-4:00 PM,9:00 AM-4:00 PM,,Andrew Johnson NHS,101 N. College Street,Greeneville,Tennessee,37743,9:00 AM-4:00 PM,9:00 AM-4:00 PM,9:00 AM-4:00 PM,9:00 AM-4:00 PM,9:00 AM-4:00 PM,9:00 AM-4:00 PM,9:00 AM-4:00 PM
TENNESSEE:,Book,,,Big South Fork NRRA,4564 Leatherwood Road,Oneida,Tennessee,37841,Open,Open,Open,Open,Open,Open,Open,,Bandy Creek Visitor Center,151 Stable Rd,Oneida,Tennessee,37841,9:00 AM-5:00 PM,9:00 AM-5:00 PM,9:00 AM-5:00 PM,9:00 AM-5:00 PM,9:00 AM-5:00 PM,9:00 AM-5:00 PM,9:00 AM-5:00 PM
TENNESSEE:,Book,,,Fort Donelson NB,PO Box 434,Dover,Tennessee,37058,8:00 AM-6:00 PM,8:00 AM-6:00 PM,8:00 AM-6:00 PM,8:00 AM-6:00 PM,8:00 AM-6:00 PM,8:00 AM-6:00 PM,8:00 AM-6:00 PM,,Fort Donelson Visitor Center,120 Fort Donelson Park Road,Dover,Tennessee,37058,8:30 AM-4:00 PM,8:30 AM-4:00 PM,8:30 AM-4:00 PM,8:30 AM-4:00 PM,8:30 AM-4:00 PM,8:30 AM-4:00 PM,8:30 AM-4:00 PM
TENNESSEE:,Book,,,Great Smoky Mountains NP,107 Park Headquarters Road,Gatlinburg,Tennessee,37738,Open,Open,Open,Open,Open,Open,Open,,Sugarlands Visitor Center,1420 Fighting Creek Gap Rd,Gatlinburg,Tennessee,37738,9:00 AM-5:00 PM,9:00 AM-5:00 PM,9:00 AM-5:00 PM,9:00 AM-5:00 PM,9:00 AM-5:00 PM,9:00 AM-5:00 PM,9:00 AM-5:00 PM
TENNESSEE:,Book,,,Manhattan Project NHP,461 W. Outer Drive,Oak Ridge,Tennessee,37830,1:00 AM-4:00 PM,Closed,10:00 AM-4:00 PM,10:00 AM-4:00 PM,10:00 AM-4:00 PM,10:00 AM-4:00 PM,10:00 AM-4:00 PM,,Oak Ridge Visitor Center,461 W. Outer Drive,Oak Ridge,Tennessee,37830,1:00 AM-4:00 PM,Closed,10:00 AM-4:00 PM,10:00 AM-4:00 PM,10:00 AM-4:00 PM,10:00 AM-4:00 PM,10:00 AM-4:00 PM
TENNESSEE:,Book,,,Obed WSR,208 N. Maiden Street,Wartburg,Tennessee,37887,Open,Open,Open,Open,Open,Open,Open,,Obed Visitor Center,208 North Maiden Street,Wartburg,Tennessee,37887,9:00 AM-5:00 PM,9:00 AM-5:00 PM,9:00 AM-5:00 PM,9:00 AM-5:00 PM,9:00 AM-5:00 PM,9:00 AM-5:00 PM,9:00 AM-5:00 PM
TENNESSEE:,Book,X,,Shiloh NMP,,,Tennessee,,,,,,,,,,,,,Tennessee,,,,,,,,
TENNESSEE:,Book,,,Stones River NB,1563 North Thompson Lane,Murfreesboro,Tennessee,37129,9:00 AM-5:00 PM,8:00 AM-5:00 PM,8:00 AM-5:00 PM,8:00 AM-5:00 PM,8:00 AM-5:00 PM,8:00 AM-5:00 PM,9:00 AM-5:00 PM,,Visitor Center,3501 Old Nashville Hwy,Murfreesboro,Tennessee,37129,9:00 AM-5:00 PM,9:00 AM-5:00 PM,9:00 AM-5:00 PM,9:00 AM-5:00 PM,9:00 AM-5:00 PM,9:00 AM-5:00 PM,9:00 AM-5:00 PM
,,,,,,,,,,,,,,,,,,,,,,,,,,,,
TEXAS:,Book,,,Alibates Flint Quarries NM,37084 Alibates Rd.,Potter County,Texas,79036,9:00 AM-4:00 PM,9:00 AM-4:00 PM,9:00 AM-4:00 PM,9:00 AM-4:00 PM,9:00 AM-4:00 PM,9:00 AM-4:00 PM,9:00 AM-4:00 PM,,Alibates Visitor Center,37084 Alibates Rd,Fritch,Texas,79036,9:00 AM-4:00 PM,9:00 AM-4:00 PM,9:00 AM-4:00 PM,9:00 AM-4:00 PM,9:00 AM-4:00 PM,9:00 AM-4:00 PM,9:00 AM-4:00 PM
TEXAS:,Book,,,Amistad NRA,10477 Highway 90 West,Del Rio,Texas,78840,Open,Open,Open,Open,Open,Open,Open,,Amistad National Recreation Area Visitor Center,10477 US-90,Del Rio,Texas,78840,8:00 AM-4:30 PM,8:00 AM-4:30 PM,8:00 AM-4:30 PM,8:00 AM-4:30 PM,8:00 AM-4:30 PM,8:00 AM-4:30 PM,8:00 AM-4:30 PM
TEXAS:,Book,,,Big Bend NP,1 Panther Junction,Big Bend National Park,Texas,79834,Open,Open,Open,Open,Open,Open,Open,,Panther Junction Visitor Center,1 Alsate Dr,Big Bend National Park,Texas,79834,8:30 AM-5:00 PM,8:30 AM-5:00 PM,8:30 AM-5:00 PM,8:30 AM-5:00 PM,8:30 AM-5:00 PM,8:30 AM-5:00 PM,8:30 AM-5:00 PM
TEXAS:,Book,,,Big Thicket N PRES,6102 FM 420,Kountze,Texas,77625,Open,Open,Open,Open,Open,Open,Open,,Big Thicket Visitor Center,6102 FM 420,Kountze,Texas,77625,9:00 AM-5:00 PM,9:00 AM-5:00 PM,9:00 AM-5:00 PM,9:00 AM-5:00 PM,9:00 AM-5:00 PM,9:00 AM-5:00 PM,9:00 AM-5:00 PM
TEXAS:,,,,Blackwell School NHS,501 South Abbott Street,Marfa,Texas,79843,12:00 PM-4:00 PM,Closed,Closed,Closed,Closed,Closed,12:00 PM-4:00 PM,,Visitor Center,501 South Abbott Street,Marfa,Texas,79843,12:00 PM-4:00 PM,Closed,Closed,Closed,Closed,Closed,12:00 PM-4:00 PM
TEXAS:,Book,,,Chamizal N MEM,800 South San Marcial Street,El Paso,Texas,79905,7:00 AM-7:00 PM,7:00 AM-7:00 PM,7:00 AM-7:00 PM,7:00 AM-7:00 PM,7:00 AM-7:00 PM,7:00 AM-7:00 PM,7:00 AM-7:00 PM,,Chamizal National Memorial Cultural Center,800 S San Marcial St,El Paso,Texas,79905,Closed,Closed,10:00 AM-5:00 PM,10:00 AM-5:00 PM,10:00 AM-5:00 PM,10:00 AM-5:00 PM,10:00 AM-5:00 PM
TEXAS:,Book,,,Fort Davis NHS,101 Lt. Flipper Dr. #1379,Fort Davis,Texas,79734,8:00 AM-5:00 PM,8:00 AM-5:00 PM,8:00 AM-5:00 PM,8:00 AM-5:00 PM,8:00 AM-5:00 PM,8:00 AM-5:00 PM,8:00 AM-5:00 PM,,Visitor Center,101 Lt. Flipper Dr. #1379,Fort Davis,Texas,79734,8:00 AM-4:30 PM,8:00 AM-4:30 PM,8:00 AM-4:30 PM,8:00 AM-4:30 PM,8:00 AM-4:30 PM,8:00 AM-4:30 PM,8:00 AM-4:30 PM
TEXAS:,Book,,,Guadalupe Mountains NP,400 Pine Canyon,Salt Flat,Texas,79847,Open,Open,Open,Open,Open,Open,Open,,Pine Springs Visitor Center,"V5VH+P6, 400 Pine Canyon Dr",Salt Flat,Texas,79847,8:00 AM-4:00 PM,8:00 AM-4:00 PM,8:00 AM-4:00 PM,8:00 AM-4:00 PM,8:00 AM-4:00 PM,8:00 AM-4:00 PM,8:00 AM-4:00 PM
TEXAS:,Book,,,Lake Meredith NRA,419 E Broadway St,Fritch,Texas,79036,Open,Open,Open,Open,Open,Open,Open,,Lake Meredith National Recreation Area Headquarters,419 E Broadway St,Fritch,Texas,79036,Closed,9:00 AM-4:00 PM,9:00 AM-4:00 PM,9:00 AM-4:00 PM,9:00 AM-4:00 PM,9:00 AM-4:00 PM,Closed
TEXAS:,Book,,,Lyndon B. Johnson NHP,100 Ladybird Lane,Johnson City,Texas,78636,9:00 AM-5:00 PM,9:00 AM-5:00 PM,9:00 AM-5:00 PM,9:00 AM-5:00 PM,9:00 AM-5:00 PM,9:00 AM-5:00 PM,9:00 AM-5:00 PM,,Visitor Center and Park Headquarters,100 Ladybird Lane,Johnson City,Texas,78636,9:00 AM-5:00 PM,9:00 AM-5:00 PM,9:00 AM-5:00 PM,9:00 AM-5:00 PM,9:00 AM-5:00 PM,9:00 AM-5:00 PM,9:00 AM-5:00 PM
TEXAS:,Book,,,Padre Island NS,20420 Park Road 22,Corpus Christi,Texas,78418,Open,Open,Open,Open,Open,Open,Open,,Malaquite Visitor Center,20420 Park Rd 22,Corpus Christi,Texas,78418,9:00 AM-5:00 PM,9:00 AM-5:00 PM,9:00 AM-5:00 PM,9:00 AM-5:00 PM,9:00 AM-5:00 PM,9:00 AM-5:00 PM,9:00 AM-5:00 PM
TEXAS:,Book,,,Palo Alto Battlefield NHP,7200 Paredes Line Road,Brownsville,Texas,78526,8:00 AM-5:00 PM,8:00 AM-5:00 PM,8:00 AM-5:00 PM,8:00 AM-5:00 PM,8:00 AM-5:00 PM,8:00 AM-5:00 PM,8:00 AM-5:00 PM,,Palo Alto Visitor Center,7200 Paredes Line Road,Brownsville,Texas,78526,8:00 AM-5:00 PM,8:00 AM-5:00 PM,8:00 AM-5:00 PM,8:00 AM-5:00 PM,8:00 AM-5:00 PM,8:00 AM-5:00 PM,8:00 AM-5:00 PM
TEXAS:,Book,,,Rio Grande WSR,1 Panther Junction,Big Bend National Park,Texas,79834,Open,Open,Open,Open,Open,Open,Open,,Rio Grande Village Visitor Center,450 Rio Grande Road,Big Bend National Park,Texas,79834,9:00 AM-4:30 PM,9:00 AM-4:30 PM,9:00 AM-4:30 PM,9:00 AM-4:30 PM,9:00 AM-4:30 PM,9:00 AM-4:30 PM,9:00 AM-4:30 PM
TEXAS:,Book,,,San Antonio Missions NHP,6701 San Jose Drive,San Antonio,Texas,78214,6:00 AM-8:00 PM,6:00 AM-8:00 PM,6:00 AM-8:00 PM,6:00 AM-8:00 PM,6:00 AM-8:00 PM,6:00 AM-8:00 PM,6:00 AM-8:00 PM,,Visitor Center at Mission San José,6701 San Jose Drive,San Antonio,Texas,78214,9:00 AM-5:00 PM,9:00 AM-5:00 PM,9:00 AM-5:00 PM,9:00 AM-5:00 PM,9:00 AM-5:00 PM,9:00 AM-5:00 PM,9:00 AM-5:00 PM
TEXAS:,Book,X,,Waco Mammoth National Monument,,,Texas,,,,,,,,,,,,,Texas,,,,,,,,
,,,,,,,,,,,,,,,,,,,,,,,,,,,,
UTAH:,Book,,,Arches NP,,Moab,Utah,84532,Open,Open,Open,Open,Open,Open,Open,,Arches Visitor Center,,Moab,Utah,84532,8:00 AM-4:30 PM,8:00 AM-4:30 PM,8:00 AM-4:30 PM,8:00 AM-4:30 PM,8:00 AM-4:30 PM,8:00 AM-4:30 PM,8:00 AM-4:30 PM
UTAH:,Book,,,Bryce Canyon NP,Highway 63,Bryce,Utah,84764,Open,Open,Open,Open,Open,Open,Open,,Visitor Center,Highway 63,Bryce,Utah,84764,8:00 AM-8:00 PM,8:00 AM-8:00 PM,8:00 AM-8:00 PM,8:00 AM-8:00 PM,8:00 AM-8:00 PM,8:00 AM-8:00 PM,8:00 AM-8:00 PM
UTAH:,Book,,,Canyonlands NP,Grand View Point Rd,Moab,Utah,84532,Open,Open,Open,Open,Open,Open,Open,,Island in the Sky Visitor Center,Grand View Point Rd,Moab,Utah,84532,8:00 AM-5:00 PM,8:00 AM-5:00 PM,8:00 AM-5:00 PM,8:00 AM-5:00 PM,8:00 AM-5:00 PM,8:00 AM-5:00 PM,8:00 AM-5:00 PM
UTAH:,Book,,,Capitol Reef NP,52 West Headquarters Drive,Torrey,Utah,84775,Open,Open,Open,Open,Open,Open,Open,,Capitol Reef National Park Visitor Center,52 West Headquarters Drive,Torrey,Utah,84775,8:00 AM-4:30 PM,8:00 AM-4:30 PM,8:00 AM-4:30 PM,8:00 AM-4:30 PM,8:00 AM-4:30 PM,8:00 AM-4:30 PM,8:00 AM-4:30 PM
UTAH:,Book,,,Cedar Breaks NM,4730 South Highway 148,Brian Head,Utah,84719,Open,Open,Open,Open,Open,Open,Open,,Cedar Breaks National Monument,4730 South Highway 148,Brian Head,Utah,84719,9:00 AM-5:00 PM,9:00 AM-5:00 PM,9:00 AM-5:00 PM,9:00 AM-5:00 PM,9:00 AM-5:00 PM,9:00 AM-5:00 PM,9:00 AM-5:00 PM
UTAH:,Book,,,Glen Canyon NRA,Hwy 89 at Glen Canyon Dam,Page,Utah,86040,Open,Open,Open,Open,Open,Open,Open,,Visitor Center,Hwy 89 at Glen Canyon Dam,Page,Utah,86040,9:00 AM-4:00 PM,9:00 AM-4:00 PM,9:00 AM-4:00 PM,9:00 AM-4:00 PM,9:00 AM-4:00 PM,9:00 AM-4:00 PM,9:00 AM-4:00 PM
UTAH:,Book,,,Golden Spike NHP,6200 North 22300 West,Promontory,Utah,84307,9:00 AM-5:00 PM,9:00 AM-5:00 PM,9:00 AM-5:00 PM,9:00 AM-5:00 PM,9:00 AM-5:00 PM,9:00 AM-5:00 PM,9:00 AM-5:00 PM,,Golden Spike National Historical Park Visitor Center,6200 North 22300 West,Promontory,Utah,84307,9:00 AM-5:00 PM,9:00 AM-5:00 PM,9:00 AM-5:00 PM,9:00 AM-5:00 PM,9:00 AM-5:00 PM,9:00 AM-5:00 PM,9:00 AM-5:00 PM
UTAH:,Book,,,Natural Bridges NM,Natural Bridges Rd,Lake Powell,Utah,84533,9:00 AM-4:00 PM,9:00 AM-4:00 PM,9:00 AM-4:00 PM,9:00 AM-4:00 PM,9:00 AM-4:00 PM,9:00 AM-4:00 PM,9:00 AM-4:00 PM,,Natural Bridges Visitor Center,Natural Bridges Rd,Lake Powell,Utah,84533,9:00 AM-4:00 PM,9:00 AM-4:00 PM,9:00 AM-4:00 PM,9:00 AM-4:00 PM,9:00 AM-4:00 PM,9:00 AM-4:00 PM,9:00 AM-4:00 PM
UTAH:,Book,,,Rainbow Bridge NM,Forbidding Canyon Lake,Powell,Utah,84533,7:00 AM-4:00 PM,7:00 AM-4:00 PM,7:00 AM-4:00 PM,7:00 AM-4:00 PM,7:00 AM-4:00 PM,7:00 AM-4:00 PM,7:00 AM-4:00 PM,,Rainbow Bridge NM,Forbidding Canyon Lake,Powell,Utah,84533,7:00 AM-4:00 PM,7:00 AM-4:00 PM,7:00 AM-4:00 PM,7:00 AM-4:00 PM,7:00 AM-4:00 PM,7:00 AM-4:00 PM,7:00 AM-4:00 PM
UTAH:,Book,,,Timpanogos Cave NM,2038 W. Alpine Loop Road,American Fork,Utah,84003,7:00 AM-5:30 PM,7:00 AM-5:30 PM,7:00 AM-5:30 PM,7:00 AM-5:30 PM,7:00 AM-5:30 PM,7:00 AM-5:30 PM,7:00 AM-5:30 PM,,Timpanogos Cave Visitor Center,1025 E Alpine Dr,Alpine,Utah,84004,7:00 AM-5:30 PM,7:00 AM-5:30 PM,7:00 AM-5:30 PM,7:00 AM-5:30 PM,7:00 AM-5:30 PM,7:00 AM-5:30 PM,7:00 AM-5:30 PM
UTAH:,Book,,,Zion NP,1 Zion Park Blvd.,Springdale,Utah,84767,Open,Open,Open,Open,Open,Open,Open,,Zion Canyon Visitor Center,1 Zion Park Blvd,Springdale,Utah,84767,8:00 AM-5:00 PM,8:00 AM-5:00 PM,8:00 AM-5:00 PM,8:00 AM-5:00 PM,8:00 AM-5:00 PM,8:00 AM-5:00 PM,8:00 AM-5:00 PM
,,,,,,,,,,,,,,,,,,,,,,,,,,,,
VERMONT:,Book,,,Marsh-Billings-Rockefeller NHP,69 Old River Rd,Woodstock ,Vermont,05091,7:00 AM-7:00 PM,7:00 AM-7:00 PM,7:00 AM-7:00 PM,7:00 AM-7:00 PM,7:00 AM-7:00 PM,7:00 AM-7:00 PM,7:00 AM-7:00 PM,, Carriage Barn Visitor Center,54 Elm St,Woodstock,Vermont,05091,10:00 AM-5:00 PM,10:00 AM-5:00 PM,Closed,Closed,10:00 AM-5:00 PM,10:00 AM-5:00 PM,10:00 AM-5:00 PM
,,,,,,,,,,,,,,,,,,,,,,,,,,,,
VIRGINIA:,Book,,,Appomattox Court House NHP,239 George Peers Drive,Appomattox,Virginia,24522,9:00 AM-5:00 PM,9:00 AM-5:00 PM,9:00 AM-5:00 PM,9:00 AM-5:00 PM,9:00 AM-5:00 PM,9:00 AM-5:00 PM,9:00 AM-5:00 PM,,Appomattox Court House Visitor Center,111 National Park Dr,Appomattox,Virginia,24522,9:00 AM-5:00 PM,9:00 AM-5:00 PM,9:00 AM-5:00 PM,9:00 AM-5:00 PM,9:00 AM-5:00 PM,9:00 AM-5:00 PM,9:00 AM-5:00 PM
VIRGINIA:,Book,,,"Arlington House, Robert E. Lee MEM",321 Sherman Dr,Fort Myer,Virginia,22211,9:30 AM-4:30 PM,9:30 AM-4:30 PM,9:30 AM-4:30 PM,9:30 AM-4:30 PM,9:30 AM-4:30 PM,9:30 AM-4:30 PM,9:30 AM-4:30 PM,,Visitor Center,321 Sherman Dr,Fort Myer,,22211,9:30 AM-4:30 PM,9:30 AM-4:30 PM,9:30 AM-4:30 PM,9:30 AM-4:30 PM,9:30 AM-4:30 PM,9:30 AM-4:30 PM,9:30 AM-4:30 PM
VIRGINIA:,Book,,,Assateague Island NS,7206 National Seashore Lane,Berlin,Virginia,21811,Open,Open,Open,Open,Open,Open,Open,,Toms Cove Visitor Center,8586 Beach Rd,Chincoteague,,23336,9:00 AM-4:00 PM,9:00 AM-4:00 PM,9:00 AM-4:00 PM,9:00 AM-4:00 PM,9:00 AM-4:00 PM,9:00 AM-4:00 PM,9:00 AM-4:00 PM
VIRGINIA:,Book,,,Booker T. Washington NM,12130 Booker T. Washington Highway,Hardy,Virginia,24101,10:00 AM-4:00 PM,Closed,Closed,10:00 AM-4:00 PM,10:00 AM-4:00 PM,10:00 AM-4:00 PM,10:00 AM-4:00 PM,,Booker T. Washington National Monument Visitor Center,12130 Booker T. Washington Highway,Hardy,,24101,10:00 AM-4:00 PM,Closed,Closed,10:00 AM-4:00 PM,10:00 AM-4:00 PM,10:00 AM-4:00 PM,10:00 AM-4:00 PM
VIRGINIA:,,,,Cape Henry MEM,Atlantic Ave,Fort Story,Virginia,23459,7:00 AM-6:00 PM,7:00 AM-6:00 PM,7:00 AM-6:00 PM,7:00 AM-6:00 PM,7:00 AM-6:00 PM,7:00 AM-6:00 PM,7:00 AM-6:00 PM,,Cape Henry Memorial,Atlantic Ave,Fort Story,,23459,7:00 AM-6:00 PM,7:00 AM-6:00 PM,7:00 AM-6:00 PM,7:00 AM-6:00 PM,7:00 AM-6:00 PM,7:00 AM-6:00 PM,7:00 AM-6:00 PM
VIRGINIA:,Book,,,Cedar Creek & Belle Grove NHP,7712 Main Street,Middletown,Virginia,22645,7:00 AM-6:00 PM,7:00 AM-6:00 PM,7:00 AM-6:00 PM,7:00 AM-6:00 PM,7:00 AM-6:00 PM,7:00 AM-6:00 PM,7:00 AM-6:00 PM,,NPS Visitor Center,7712 Main Street,Middletown,,22645,9:00 AM-4:00 PM,9:00 AM-4:00 PM,9:00 AM-4:00 PM,9:00 AM-4:00 PM,9:00 AM-4:00 PM,10:00 AM-4:00 PM,9:00 AM-4:00 PM
VIRGINIA:,Book,,,Colonial NHP,1000 Colonial Parkway,Yorktown,Virginia,23690,9:00 AM-5:00 PM,9:00 AM-5:00 PM,9:00 AM-5:00 PM,9:00 AM-5:00 PM,9:00 AM-5:00 PM,9:00 AM-5:00 PM,9:00 AM-5:00 PM,,Visitor Center,1000 Colonial Parkway,Yorktown,,23690,9:00 AM-5:00 PM,9:00 AM-5:00 PM,9:00 AM-5:00 PM,9:00 AM-5:00 PM,9:00 AM-5:00 PM,9:00 AM-5:00 PM,9:00 AM-5:00 PM
VIRGINIA:,Book,,,Fort Monroe NM,30 Ingalls Road,Fort Monroe,Virginia,23651,Open,Open,Open,Open,Open,Open,Open,,Fort Monroe Visitor & Education Center,30 Ingalls Rd,Fort Monroe,,23651,9:30 AM-4:30 PM,Closed,9:30 AM-4:30 PM,9:30 AM-4:30 PM,9:30 AM-4:30 PM,9:30 AM-4:30 PM,9:30 AM-4:30 PM
VIRGINIA:,Book,,,Fredericksburg & Spotsylvania NMP,120 Chatham Ln,Fredericksburg,Virginia,22405,7:00 AM-6:00 PM,7:00 AM-6:00 PM,7:00 AM-6:00 PM,7:00 AM-6:00 PM,7:00 AM-6:00 PM,7:00 AM-6:00 PM,7:00 AM-6:00 PM,,Fredericksburg Battlefield Visitor Center,1013 Lafayette Blvd,Fredericksburg,,22401,9:00 AM-5:00 PM,9:00 AM-5:00 PM,9:00 AM-5:00 PM,9:00 AM-5:00 PM,9:00 AM-5:00 PM,9:00 AM-5:00 PM,9:00 AM-5:00 PM
VIRGINIA:,Book,,,George Washington Birthplace NM,1732 Popes Creek Road,Colonial Beach,Virginia,22443,9:00 AM-5:00 PM,9:00 AM-5:00 PM,9:00 AM-5:00 PM,9:00 AM-5:00 PM,9:00 AM-5:00 PM,9:00 AM-5:00 PM,9:00 AM-5:00 PM,,George Washington Birthplace National Monument Visitor Center,1730 Popes Creek Rd,Colonial Beach,,22443,9:30 AM-4:00 PM,9:30 AM-4:00 PM,9:30 AM-4:00 PM,9:30 AM-4:00 PM,9:30 AM-4:00 PM,9:30 AM-4:00 PM,9:30 AM-4:00 PM
VIRGINIA:,Book,,,George Washington MEM PKWY,700 George Washington Memorial Parkway,McLean,Virginia,22101,Open,Open,Open,Open,Open,Open,Open,,Visitor Center,700 George Washington Memorial Parkway,McLean,,22101,Closed,8:15 AM-4:15 PM,8:15 AM-4:15 PM,8:15 AM-4:15 PM,8:15 AM-4:15 PM,8:15 AM-4:15 PM,Closed
VIRGINIA:,,,,Great Falls Park,9200 Old Dominion Dr.,McLean,Virginia,22102,7:00 AM-6:00 PM,7:00 AM-6:00 PM,7:00 AM-6:00 PM,7:00 AM-6:00 PM,7:00 AM-6:00 PM,7:00 AM-6:00 PM,7:00 AM-6:00 PM,,Great Falls Park Visitor Center,9200 Old Dominion Dr,McLean,,22102,10:00 AM-5:00 PM,10:00 AM-5:00 PM,10:00 AM-5:00 PM,10:00 AM-5:00 PM,10:00 AM-5:00 PM,10:00 AM-5:00 PM,10:00 AM-5:00 PM
VIRGINIA:,,,,Historic Jamestowne,1368 Colonial Parkway,Jamestown,Virginia,23081,9:00 AM-5:00 PM,9:00 AM-5:00 PM,9:00 AM-5:00 PM,9:00 AM-5:00 PM,9:00 AM-5:00 PM,9:00 AM-5:00 PM,9:00 AM-5:00 PM,,Historic Jamestowne Visitor Center,1368 Colonial Parkway,Jamestown,,23081,9:00 AM-5:00 PM,9:00 AM-5:00 PM,9:00 AM-5:00 PM,9:00 AM-5:00 PM,9:00 AM-5:00 PM,9:00 AM-5:00 PM,9:00 AM-5:00 PM
VIRGINIA:,Book,,,Maggie L. Walker NHS,600 N. 2nd Street,Richmond,Virginia,23219,Closed,Closed,Closed,Closed,Closed,9:00 AM-4:30 PM,9:00 AM-4:30 PM,,Visitor Center,600 N. 2nd Street,Richmond,,23219,Closed,Closed,Closed,Closed,Closed,9:00 AM-4:30 PM,9:00 AM-4:30 PM
VIRGINIA:,Book,,,Manassas NBP,6511 Sudley Road,Manassas,Virginia,20109,7:00 AM-6:00 PM,7:00 AM-6:00 PM,7:00 AM-6:00 PM,7:00 AM-6:00 PM,7:00 AM-6:00 PM,7:00 AM-6:00 PM,7:00 AM-6:00 PM,,Henry Hill Visitor Center,6511 Sudley Rd,Manassas,,20109,9:00 AM-5:00 PM,9:00 AM-5:00 PM,9:00 AM-5:00 PM,9:00 AM-5:00 PM,9:00 AM-5:00 PM,9:00 AM-5:00 PM,9:00 AM-5:00 PM
VIRGINIA:,Book,,,Petersburg NB,5001 Siege Road,Petersburg,Virginia,23803,9:00 AM-5:00 PM,9:00 AM-5:00 PM,9:00 AM-5:00 PM,9:00 AM-5:00 PM,9:00 AM-5:00 PM,9:00 AM-5:00 PM,9:00 AM-5:00 PM,,Petersburg National Battlefield Eastern Front Unit Visitor Center,5001 Siege Road,Petersburg,,23803,9:00 AM-5:00 PM,9:00 AM-5:00 PM,9:00 AM-5:00 PM,9:00 AM-5:00 PM,9:00 AM-5:00 PM,9:00 AM-5:00 PM,9:00 AM-5:00 PM
VIRGINIA:,Book,,,Prince William Forest Park,18170 Park Entrance Road,Triangle,Virginia,22172,7:00 AM-6:00 PM,7:00 AM-6:00 PM,7:00 AM-6:00 PM,7:00 AM-6:00 PM,7:00 AM-6:00 PM,7:00 AM-6:00 PM,7:00 AM-6:00 PM,,Prince William Forest Park Visitor Center,18170 Park Entrance Road,Triangle,,22172,9:00 AM-5:00 PM,9:00 AM-5:00 PM,9:00 AM-5:00 PM,9:00 AM-5:00 PM,9:00 AM-5:00 PM,9:00 AM-5:00 PM,9:00 AM-5:00 PM
VIRGINIA:,Book,,,Richmond NBP,3215 E. Broad Street,Richmond,Virginia,23223,9:00 AM-4:30 PM,Closed,Closed,9:00 AM-4:30 PM,9:00 AM-4:30 PM,9:00 AM-4:30 PM,9:00 AM-4:30 PM,,Visitor Center,3215 E. Broad Street,Richmond,,23223,9:00 AM-4:30 PM,Closed,Closed,9:00 AM-4:30 PM,9:00 AM-4:30 PM,9:00 AM-4:30 PM,9:00 AM-4:30 PM
VIRGINIA:,Book,,,Shenandoah NP,17065 Skyline Drive,Front Royal,Virginia,22630,9:00 AM-5:00 PM,9:00 AM-5:00 PM,9:00 AM-5:00 PM,9:00 AM-5:00 PM,9:00 AM-5:00 PM,9:00 AM-6:00 PM,9:00 AM-6:00 PM,,Dickey Ridge Visitor Center,17065 Skyline Drive,Front Royal,,22630,9:00 AM-5:00 PM,9:00 AM-5:00 PM,9:00 AM-5:00 PM,9:00 AM-5:00 PM,9:00 AM-5:00 PM,9:00 AM-6:00 PM,9:00 AM-6:00 PM
VIRGINIA:,Book,,,Wolf Trap NP for the Performing Arts,1551 Trap Road,Vienna,Virginia,22182,7:00 AM-6:00 PM,7:00 AM-6:00 PM,7:00 AM-6:00 PM,7:00 AM-6:00 PM,7:00 AM-6:00 PM,7:00 AM-6:00 PM,7:00 AM-6:00 PM,,Ranger Station,1551 Trap Road,Vienna,Virginia,22182,10:00 AM-4:00 PM,10:00 AM-4:00 PM,10:00 AM-4:00 PM,10:00 AM-4:00 PM,10:00 AM-4:00 PM,10:00 AM-4:00 PM,10:00 AM-4:00 PM
VIRGINIA:,,,,Yorktown Battlefield,1000 Colonial Nat'l Historical Pkwy,Yorktown,Virginia,23690,9:00 AM-5:00 PM,9:00 AM-5:00 PM,9:00 AM-5:00 PM,9:00 AM-5:00 PM,9:00 AM-5:00 PM,9:00 AM-5:00 PM,9:00 AM-5:00 PM,,Visitor Center,1000 Colonial Nat'l Historical Pkwy,Yorktown,,23690,9:00 AM-5:00 PM,9:00 AM-5:00 PM,9:00 AM-5:00 PM,9:00 AM-5:00 PM,9:00 AM-5:00 PM,9:00 AM-5:00 PM,9:00 AM-5:00 PM
,,,,,,,,,,,,,,,,,,,,,,,,,,,,
WASHINGTON D.C.:,,,,African American Civil War MEM,1925 Vermont Avenue Northwest,Washington,DC,20001,Open,Open,Open,Open,Open,Open,Open,,"Martin Luther King, Jr. Memorial Bookstore",121 West Basin Dr SW,"Washington, DC",DC,20004,10:00 AM-6:00 PM,10:00 AM-6:00 PM,10:00 AM-6:00 PM,10:00 AM-6:00 PM,10:00 AM-6:00 PM,10:00 AM-6:00 PM,10:00 AM-6:00 PM
WASHINGTON D.C.:,,,,American Veterans Disabled for Life Memorial,"150 Washington Avenue, SW",Washington,DC,20001,Open,Open,Open,Open,Open,Open,Open,,Dwight D. Eisenhower Memorial Bookstore,540 Independence Ave SW,Washington DC,DC,20024,10:00 AM-5:00 PM,10:00 AM-5:00 PM,10:00 AM-5:00 PM,10:00 AM-5:00 PM,10:00 AM-5:00 PM,10:00 AM-5:00 PM,10:00 AM-5:00 PM
WASHINGTON D.C.:,,,,Anacostia Park,1900 Anacostia Drive SE,Washington,DC,20020,6:00 AM-10:00 PM,6:00 AM-10:00 PM,6:00 AM-10:00 PM,6:00 AM-10:00 PM,6:00 AM-10:00 PM,6:00 AM-10:00 PM,6:00 AM-10:00 PM,,The Visitor Center at Kenilworth Aquatic Gardens,1550 Anacostia Ave. NE,Washington DC,DC,20019,9:00 AM-3:00 PM,9:00 AM-3:00 PM,9:00 AM-3:00 PM,9:00 AM-3:00 PM,9:00 AM-3:00 PM,9:00 AM-3:00 PM,9:00 AM-3:00 PM
WASHINGTON D.C.:,Book,,,Belmont-Paul Women’s Equality NM,144 Constitution Ave NE,Washington,DC,20002,10:00 AM-5:00 PM,Closed,Closed,Closed,Closed,10:00 AM-5:00 PM,10:00 AM-5:00 PM,,Dwight D. Eisenhower Memorial Bookstore,540 Independence Ave SW,Washington DC,DC,20024,10:00 AM-5:00 PM,10:00 AM-5:00 PM,10:00 AM-5:00 PM,10:00 AM-5:00 PM,10:00 AM-5:00 PM,10:00 AM-5:00 PM,10:00 AM-5:00 PM
WASHINGTON D.C.:,,,,Capitol Hill Parks,Capital Hill,Washington,DC,20003,6:00 AM-10:00 PM,6:00 AM-10:00 PM,6:00 AM-10:00 PM,6:00 AM-10:00 PM,6:00 AM-10:00 PM,6:00 AM-10:00 PM,6:00 AM-10:00 PM,,The Visitor Center at Kenilworth Aquatic Gardens,1550 Anacostia Ave. NE,Washington DC,DC,20019,9:00 AM-3:00 PM,9:00 AM-3:00 PM,9:00 AM-3:00 PM,9:00 AM-3:00 PM,9:00 AM-3:00 PM,9:00 AM-3:00 PM,9:00 AM-3:00 PM
WASHINGTON D.C.:,,,,Carter G. Woodson Home NHS,1538 Ninth Street NW,Washington,DC,20001,,,,,,,,,Frederick Douglass NHS Visitor Center,"1411 W Street, S.E.",Washington DC,DC,20020,Closed,Closed,9:00 AM-5:00 PM,9:00 AM-5:00 PM,9:00 AM-5:00 PM,9:00 AM-5:00 PM,9:00 AM-5:00 PM
WASHINGTON D.C.:,,,,Civil War Defenses of Washington,6625 Georgia Ave NW,Washington,DC,20012,6:00 AM-10:00 PM,6:00 AM-10:00 PM,6:00 AM-10:00 PM,6:00 AM-10:00 PM,6:00 AM-10:00 PM,6:00 AM-10:00 PM,6:00 AM-10:00 PM,,The Visitor Center at Kenilworth Aquatic Gardens,1550 Anacostia Ave. NE,Washington DC,DC,20019,9:00 AM-3:00 PM,9:00 AM-3:00 PM,9:00 AM-3:00 PM,9:00 AM-3:00 PM,9:00 AM-3:00 PM,9:00 AM-3:00 PM,9:00 AM-3:00 PM
WASHINGTON D.C.:,Book,,,Constitution Gardens,1850 Constitution Ave. NW,Washington,DC,20002,Open,Open,Open,Open,Open,Open,Open,,Lincoln Memorial Bookstore,2 Lincoln Circle NW," Washington, DC",DC,20002,10:00 AM-6:00 PM,10:00 AM-6:00 PM,10:00 AM-6:00 PM,10:00 AM-6:00 PM,10:00 AM-6:00 PM,10:00 AM-6:00 PM,10:00 AM-6:00 PM
WASHINGTON D.C.:,Book,,,Dwight D. Eisenhower Memorial,540 Independence Avenue SW,Washington,DC,20202,Open,Open,Open,Open,Open,Open,Open,,Dwight D. Eisenhower Memorial Bookstore,540 Independence Ave SW,Washington DC,DC,20024,10:00 AM-5:00 PM,10:00 AM-5:00 PM,10:00 AM-5:00 PM,10:00 AM-5:00 PM,10:00 AM-5:00 PM,10:00 AM-5:00 PM,10:00 AM-5:00 PM
WASHINGTON D.C.:,Book,,,Ford’s Theatre NHS,511 10th Street NW,Washington,DC,20004,9:00 AM-5:00 PM,9:00 AM-5:00 PM,9:00 AM-5:00 PM,9:00 AM-5:00 PM,9:00 AM-5:00 PM,9:00 AM-5:00 PM,9:00 AM-5:00 PM,,Ford's Theatre National Historic Site Bookstore,511 10th St NW,"Washington, DC",DC,20004,8:30 AM-5:00 PM,8:30 AM-5:00 PM,8:30 AM-5:00 PM,8:30 AM-5:00 PM,8:30 AM-5:00 PM,8:30 AM-5:00 PM,8:30 AM-5:00 PM
WASHINGTON D.C.:,,,,Fort DuPont Park,3600 F Street SE,Washington,DC,20019,6:00 AM-10:00 PM,6:00 AM-10:00 PM,6:00 AM-10:00 PM,6:00 AM-10:00 PM,6:00 AM-10:00 PM,6:00 AM-10:00 PM,6:00 AM-10:00 PM,,The Visitor Center at Kenilworth Aquatic Gardens,1550 Anacostia Ave. NE,Washington DC,DC,20019,9:00 AM-3:00 PM,9:00 AM-3:00 PM,9:00 AM-3:00 PM,9:00 AM-3:00 PM,9:00 AM-3:00 PM,9:00 AM-3:00 PM,9:00 AM-3:00 PM
WASHINGTON D.C.:,Book,,,Franklin Delano Roosevelt MEM,400 West Basin Drive SW,Washington,DC,20002,Open,Open,Open,Open,Open,Open,Open,,Franklin Delano Roosevelt Memorial Bookstore,1850 West Basin Dr SW,Washington DC,DC,20242,9:00 AM-6:00 PM,9:00 AM-6:00 PM,9:00 AM-6:00 PM,9:00 AM-6:00 PM,9:00 AM-6:00 PM,9:00 AM-6:00 PM,9:00 AM-6:00 PM
WASHINGTON D.C.:,Book,,,Frederick Douglass NHS,1411 W Street SE,Washington,DC,20020,Closed,Closed,9:00 AM-5:00 PM,9:00 AM-5:00 PM,9:00 AM-5:00 PM,9:00 AM-5:00 PM,9:00 AM-5:00 PM,,Frederick Douglass NHS Visitor Center,"1411 W Street, S.E.",Washington DC,DC,20020,Closed,Closed,9:00 AM-5:00 PM,9:00 AM-5:00 PM,9:00 AM-5:00 PM,9:00 AM-5:00 PM,9:00 AM-5:00 PM
WASHINGTON D.C.:,,,,George Gordon Meade Memorial,333 Constitution Ave. NW,Washington,DC,20001,Open,Open,Open,Open,Open,Open,Open,,Dwight D. Eisenhower Memorial Bookstore,540 Independence Ave SW,Washington DC,DC,20024,10:00 AM-5:00 PM,10:00 AM-5:00 PM,10:00 AM-5:00 PM,10:00 AM-5:00 PM,10:00 AM-5:00 PM,10:00 AM-5:00 PM,10:00 AM-5:00 PM
WASHINGTON D.C.:,,,,George Mason MEM,900 Ohio Dr SW,Washington,DC,20024,Open,Open,Open,Open,Open,Open,Open,,Franklin Delano Roosevelt Memorial Bookstore,1850 West Basin Dr SW,Washington DC,DC,20242,9:00 AM-6:00 PM,9:00 AM-6:00 PM,9:00 AM-6:00 PM,9:00 AM-6:00 PM,9:00 AM-6:00 PM,9:00 AM-6:00 PM,9:00 AM-6:00 PM
WASHINGTON D.C.:,,,,Japanese American Memorial,,Washington,DC,20001,Open,Open,Open,Open,Open,Open,Open,,Dwight D. Eisenhower Memorial Bookstore,540 Independence Ave SW,Washington DC,DC,20024,10:00 AM-5:00 PM,10:00 AM-5:00 PM,10:00 AM-5:00 PM,10:00 AM-5:00 PM,10:00 AM-5:00 PM,10:00 AM-5:00 PM,10:00 AM-5:00 PM
WASHINGTON D.C.:,,,,John Ericsson MEM,900 Ohio Dr SW,Washington,DC,20024,Open,Open,Open,Open,Open,Open,Open,,"Martin Luther King, Jr. Memorial Bookstore",121 West Basin Dr SW,"Washington, DC",DC,20004,10:00 AM-6:00 PM,10:00 AM-6:00 PM,10:00 AM-6:00 PM,10:00 AM-6:00 PM,10:00 AM-6:00 PM,10:00 AM-6:00 PM,10:00 AM-6:00 PM
WASHINGTON D.C.:,,,,John Paul Jones MEM,17th St SW,Washington,DC,20004,Open,Open,Open,Open,Open,Open,Open,,"Martin Luther King, Jr. Memorial Bookstore",121 West Basin Dr SW,"Washington, DC",DC,20004,10:00 AM-6:00 PM,10:00 AM-6:00 PM,10:00 AM-6:00 PM,10:00 AM-6:00 PM,10:00 AM-6:00 PM,10:00 AM-6:00 PM,10:00 AM-6:00 PM
WASHINGTON D.C.:,,,,Kenilworth Park and Aquatic Gardens,1550 Anacostia Ave. NE,Washington,DC,20019,8:00 AM-4:00 PM,8:00 AM-4:00 PM,8:00 AM-4:00 PM,8:00 AM-4:00 PM,8:00 AM-4:00 PM,8:00 AM-4:00 PM,8:00 AM-4:00 PM,,The Visitor Center at Kenilworth Aquatic Gardens,1550 Anacostia Ave NE,"Washington, DC",DC,20019,9:00 AM-3:00 PM,9:00 AM-3:00 PM,9:00 AM-3:00 PM,9:00 AM-3:00 PM,9:00 AM-3:00 PM,9:00 AM-3:00 PM,9:00 AM-3:00 PM
WASHINGTON D.C.:,Book,,,Korean War Veterans MEM,900 Ohio Dr SW,Washington,DC,20024,Open,Open,Open,Open,Open,Open,Open,,Lincoln Memorial Bookstore,2 Lincoln Circle NW," Washington, DC",DC,20002,10:00 AM-6:00 PM,10:00 AM-6:00 PM,10:00 AM-6:00 PM,10:00 AM-6:00 PM,10:00 AM-6:00 PM,10:00 AM-6:00 PM,10:00 AM-6:00 PM
WASHINGTON D.C.:,Book,,,Lincoln MEM,2 Lincoln Memorial Cir NW,Washington,DC,20002,Open,Open,Open,Open,Open,Open,Open,,Lincoln Memorial Bookstore,2 Lincoln Circle NW," Washington, DC",DC,20002,10:00 AM-6:00 PM,10:00 AM-6:00 PM,10:00 AM-6:00 PM,10:00 AM-6:00 PM,10:00 AM-6:00 PM,10:00 AM-6:00 PM,10:00 AM-6:00 PM
WASHINGTON D.C.:,Book,,,Lyndon B. Johnson Memorial Grove on the Potomac,George Washington Mem Pkwy,Washington,DC,20037,Open,Open,Open,Open,Open,Open,Open,,,,,DC,,,,,,,,
WASHINGTON D.C.:,Book,,,Martin Luther King Jr. Memorial,1964 Independence Ave SW,Washington,DC,20004,Open,Open,Open,Open,Open,Open,Open,,"Martin Luther King, Jr. Memorial Bookstore",121 West Basin Dr SW,"Washington, DC",DC,20004,10:00 AM-6:00 PM,10:00 AM-6:00 PM,10:00 AM-6:00 PM,10:00 AM-6:00 PM,10:00 AM-6:00 PM,10:00 AM-6:00 PM,10:00 AM-6:00 PM
WASHINGTON D.C.:,Book,,,Mary McLeod Bethune Council House NHS;,1318 Vermont Avenue NW,Washington,DC,20005,Closed,Closed,Closed,Closed,9:00 AM-5:00 PM,9:00 AM-5:00 PM,9:00 AM-5:00 PM,,Mary McLeod Bethune Council House NHS,1318 Vermont Avenue NW,"Washington, DC",DC,20005,Closed,Closed,Closed,Closed,9:00 AM-5:00 PM,9:00 AM-5:00 PM,9:00 AM-5:00 PM
WASHINGTON D.C.:,Book,,,National Capital Parks - East,1900 Anacostia Dr,Washington,DC,20020,Closed,8:00 AM-4:00 PM,8:00 AM-4:00 PM,8:00 AM-4:00 PM,8:00 AM-4:00 PM,8:00 AM-4:00 PM,Closed,,The Visitor Center at Kenilworth Aquatic Gardens,1550 Anacostia Ave. NE,Washington DC,DC,20019,9:00 AM-3:00 PM,9:00 AM-3:00 PM,9:00 AM-3:00 PM,9:00 AM-3:00 PM,9:00 AM-3:00 PM,9:00 AM-3:00 PM,9:00 AM-3:00 PM
WASHINGTON D.C.:,Book,,,National Mall & Memorial Parks; Northeast,,Washington,DC,20002,Open,Open,Open,Open,Open,Open,Open,,Franklin Delano Roosevelt Memorial Bookstore,1850 West Basin Dr SW,Washington DC,DC,20242,9:00 AM-6:00 PM,9:00 AM-6:00 PM,9:00 AM-6:00 PM,9:00 AM-6:00 PM,9:00 AM-6:00 PM,9:00 AM-6:00 PM,9:00 AM-6:00 PM
WASHINGTON D.C.:,Book,,,Pennsylvania Avenue NHS,"1 Pennsylvania Ave, NW",Washington,DC,20001,Open,Open,Open,Open,Open,Open,Open,,Franklin Delano Roosevelt Memorial Bookstore,1850 West Basin Dr SW,Washington DC,DC,20242,9:00 AM-6:00 PM,9:00 AM-6:00 PM,9:00 AM-6:00 PM,9:00 AM-6:00 PM,9:00 AM-6:00 PM,9:00 AM-6:00 PM,9:00 AM-6:00 PM
WASHINGTON D.C.:,,,,Petersen House,516 10th St NW,Washington,DC,20004,8:30 AM-5:00 PM,8:30 AM-5:00 PM,8:30 AM-5:00 PM,8:30 AM-5:00 PM,8:30 AM-5:00 PM,8:30 AM-5:00 PM,8:30 AM-5:00 PM,,Ford's Theatre National Historic Site Bookstore,511 10th St NW,"Washington, DC",DC,20004,8:30 AM-5:00 PM,8:30 AM-5:00 PM,8:30 AM-5:00 PM,8:30 AM-5:00 PM,8:30 AM-5:00 PM,8:30 AM-5:00 PM,8:30 AM-5:00 PM
WASHINGTON D.C.:,Book,,,Potomac Heritage NST,142 W. Potomac St.,Williamsport,Maryland,21795,Open,Open,Open,Open,Open,Open,Open,,The Visitor Center at Kenilworth Aquatic Gardens,1550 Anacostia Ave. NE,Washington DC,DC,20019,9:00 AM-3:00 PM,9:00 AM-3:00 PM,9:00 AM-3:00 PM,9:00 AM-3:00 PM,9:00 AM-3:00 PM,9:00 AM-3:00 PM,9:00 AM-3:00 PM
WASHINGTON D.C.:,Book,,,Rock Creek Park,"5200 Glover Rd, NW",Washington,DC,20015,7:00 AM-6:00 PM,7:00 AM-6:00 PM,7:00 AM-6:00 PM,7:00 AM-6:00 PM,7:00 AM-6:00 PM,7:00 AM-6:00 PM,7:00 AM-6:00 PM,,Nature Center,5200 Glover Rd NW,Washington DC,DC,20015,9:00 AM-5:00 PM,Closed,Closed,10:30 AM-5:00 PM,9:00 AM-5:00 PM,9:00 AM-5:00 PM,9:00 AM-5:00 PM
WASHINGTON D.C.:,,,,Signers of the Dec of Ind MEM,1850 Constitution Ave. NW,Washington,DC,20002,Open,Open,Open,Open,Open,Open,Open,,Lincoln Memorial Bookstore,2 Lincoln Circle NW," Washington, DC",DC,20002,10:00 AM-6:00 PM,10:00 AM-6:00 PM,10:00 AM-6:00 PM,10:00 AM-6:00 PM,10:00 AM-6:00 PM,10:00 AM-6:00 PM,10:00 AM-6:00 PM
WASHINGTON D.C.:,,,,The Lockkeeper’s House,Constitution Ave NW & 17th Street Northwest,Washington,DC,20006,11:00 AM-3:00 PM,Closed,Closed,Closed,11:00 AM-3:00 PM,11:00 AM-3:00 PM,11:00 AM-3:00 PM,,Washington Monument Lodge,2 15th Street NW,Washington DC,DC,20024,8:45 AM-6:00 PM,8:45 AM-6:00 PM,8:45 AM-6:00 PM,8:45 AM-6:00 PM,8:45 AM-6:00 PM,8:45 AM-6:00 PM,10:00 AM-6:00 PM
WASHINGTON D.C.:,Book,,,The White House and President's Park,1600 Pennsylvania Ave NW,Washington,DC,20500,6:00 AM-10:00 PM,6:00 AM-10:00 PM,6:00 AM-10:00 PM,6:00 AM-10:00 PM,6:00 AM-10:00 PM,6:00 AM-10:00 PM,6:00 AM-10:00 PM,,White House Visitor Center,"1450 Pennsylvania Avenue, NW",Washington DC,DC,20004,,,,,,,
WASHINGTON D.C.:,Book,,,Theodore Roosevelt Island,,Washington,DC,22209,6:00 AM-10:00 PM,6:00 AM-10:00 PM,6:00 AM-10:00 PM,6:00 AM-10:00 PM,6:00 AM-10:00 PM,6:00 AM-10:00 PM,6:00 AM-10:00 PM,,,,,DC,,,,,,,,
WASHINGTON D.C.:,Book,,,Thomas Jefferson Memorial,"16 East Basin Drive, SW",Washington,DC,20242,Open,Open,Open,Open,Open,Open,Open,,Franklin Delano Roosevelt Memorial Bookstore,1850 West Basin Dr SW,Washington DC,DC,20242,9:00 AM-6:00 PM,9:00 AM-6:00 PM,9:00 AM-6:00 PM,9:00 AM-6:00 PM,9:00 AM-6:00 PM,9:00 AM-6:00 PM,9:00 AM-6:00 PM
WASHINGTON D.C.:,,,,Titanic Memorial,,Washington,DC,20005,Open,Open,Open,Open,Open,Open,Open,,Franklin Delano Roosevelt Memorial Bookstore,1850 West Basin Dr SW,Washington DC,DC,20242,9:00 AM-6:00 PM,9:00 AM-6:00 PM,9:00 AM-6:00 PM,9:00 AM-6:00 PM,9:00 AM-6:00 PM,9:00 AM-6:00 PM,9:00 AM-6:00 PM
WASHINGTON D.C.:,,,,U.S. Navy MEM,701 Pennsylvania Ave NW,Washington,DC,20004,Open,Open,Open,Open,Open,Open,Open,,Ford's Theatre National Historic Site Bookstore,511 10th St NW,"Washington, DC",DC,20004,8:30 AM-5:00 PM,8:30 AM-5:00 PM,8:30 AM-5:00 PM,8:30 AM-5:00 PM,8:30 AM-5:00 PM,8:30 AM-5:00 PM,8:30 AM-5:00 PM
WASHINGTON D.C.:,,,,Ulysses S. Grant MEM,,Washington,DC,20004,Open,Open,Open,Open,Open,Open,Open,,Dwight D. Eisenhower Memorial Bookstore,540 Independence Ave SW,Washington DC,DC,20024,10:00 AM-5:00 PM,10:00 AM-5:00 PM,10:00 AM-5:00 PM,10:00 AM-5:00 PM,10:00 AM-5:00 PM,10:00 AM-5:00 PM,10:00 AM-5:00 PM
WASHINGTON D.C.:,Book,,,Vietnam Veterans MEM,5 Henry Bacon Drive NW,Washington,DC,20002,Open,Open,Open,Open,Open,Open,Open,,Lincoln Memorial Bookstore,2 Lincoln Circle NW," Washington, DC",DC,20002,10:00 AM-6:00 PM,10:00 AM-6:00 PM,10:00 AM-6:00 PM,10:00 AM-6:00 PM,10:00 AM-6:00 PM,10:00 AM-6:00 PM,10:00 AM-6:00 PM
WASHINGTON D.C.:,,,,Vietnam Women’s MEM,5 Henry Bacon Dr SW,Washington,DC,20007,Open,Open,Open,Open,Open,Open,Open,,Lincoln Memorial Bookstore,2 Lincoln Circle NW," Washington, DC",DC,20002,10:00 AM-6:00 PM,10:00 AM-6:00 PM,10:00 AM-6:00 PM,10:00 AM-6:00 PM,10:00 AM-6:00 PM,10:00 AM-6:00 PM,10:00 AM-6:00 PM
WASHINGTON D.C.:,Book,,,Washington Monument,2 15th St. NW,Washington,DC,20024,Open,Open,Open,Open,Open,Open,Open,,Washington Monument Lodge,2 15th Street NW,Washington DC,DC,20024,8:45 AM-6:00 PM,8:45 AM-6:00 PM,8:45 AM-6:00 PM,8:45 AM-6:00 PM,8:45 AM-6:00 PM,8:45 AM-6:00 PM,10:00 AM-6:00 PM
WASHINGTON D.C.:,,,,West Potomac Park,2912 Independence Ave SW,Washington,DC,20004,Open,Open,Open,Open,Open,Open,Open,,Franklin Delano Roosevelt Memorial Bookstore,1850 West Basin Dr SW,Washington DC,DC,20242,9:00 AM-6:00 PM,9:00 AM-6:00 PM,9:00 AM-6:00 PM,9:00 AM-6:00 PM,9:00 AM-6:00 PM,9:00 AM-6:00 PM,9:00 AM-6:00 PM
WASHINGTON D.C.:,,,,World War I MEM,"1493 Pennsylvania Avenue NW,",Washington,DC,20004,Open,Open,Open,Open,Open,Open,Open,,Franklin Delano Roosevelt Memorial Bookstore,1850 West Basin Dr SW,Washington DC,DC,20242,9:00 AM-6:00 PM,9:00 AM-6:00 PM,9:00 AM-6:00 PM,9:00 AM-6:00 PM,9:00 AM-6:00 PM,9:00 AM-6:00 PM,9:00 AM-6:00 PM
WASHINGTON D.C.:,Book,,,World War II MEM,1750 Independence Ave. SW,Washington,DC,20024,Open,Open,Open,Open,Open,Open,Open,,Franklin Delano Roosevelt Memorial Bookstore,1850 West Basin Dr SW,Washington DC,DC,20242,9:00 AM-6:00 PM,9:00 AM-6:00 PM,9:00 AM-6:00 PM,9:00 AM-6:00 PM,9:00 AM-6:00 PM,9:00 AM-6:00 PM,9:00 AM-6:00 PM
,,,,,,,,,,,,,,,,,,,,,,,,,,,,
WASHINGTON:,Book,,,Ebey’s Landing NH RES,162 Cemetery Road,Coupeville,Washington,98239,9:00 AM-4:00 PM,9:00 AM-4:00 PM,9:00 AM-4:00 PM,9:00 AM-4:00 PM,9:00 AM-4:00 PM,9:00 AM-4:00 PM,9:00 AM-4:00 PM,,The Cottage at Sunnyside,162 Cemetery Road,Coupeville,Washington,98239,9:00 AM-4:00 PM,9:00 AM-4:00 PM,9:00 AM-4:00 PM,9:00 AM-4:00 PM,9:00 AM-4:00 PM,9:00 AM-4:00 PM,9:00 AM-4:00 PM
WASHINGTON:,Book,,,Fort Vancouver NHS,1501 E Evergreen Blvd.,Vancouver,Washington,98661,Closed,Closed,9:00 AM-4:00 PM,9:00 AM-4:00 PM,9:00 AM-4:00 PM,9:00 AM-4:00 PM,9:00 AM-4:00 PM,,Fort Vancouver Visitor Center,1501 E Evergreen Blvd.,Vancouver,Washington,98661,Closed,Closed,9:00 AM-4:00 PM,9:00 AM-4:00 PM,9:00 AM-4:00 PM,9:00 AM-4:00 PM,9:00 AM-4:00 PM
WASHINGTON:,Book,,,Klondike Gold Rush NHP,319 Second Ave S.,Seattle,Washington,98104,10:00 AM-5:00 PM,Closed,Closed,10:00 AM-5:00 PM,10:00 AM-5:00 PM,10:00 AM-5:00 PM,10:00 AM-5:00 PM,,Klondlike Gold Rush Visitor Center,319 Second Ave S.,Seattle,Washington,98104,10:00 AM-5:00 PM,Closed,Closed,10:00 AM-5:00 PM,10:00 AM-5:00 PM,10:00 AM-5:00 PM,10:00 AM-5:00 PM
WASHINGTON:,Book,,,Lake Chelan NRA,,Stehekin,Washington,98816,Open,Open,Open,Open,Open,Open,Open,,Golden West Visitor Center,,Stehekin,Washington,98852,,,,,,,
WASHINGTON:,Book,,,Lake Roosevelt NRA,1008 Crest Drive,Coulee Dam,Washington,99116,Open,Open,Open,Open,Open,Open,Open,,Fort Spokane Visitor Center and Museum,44150 District Office Ln,Davenport,Washington,99122,9:30 AM-5:00 PM,Closed,Closed,Closed,Closed,9:30 AM-5:00 PM,9:30 AM-5:00 PM
WASHINGTON:,,,,Lewis & Clark Nat’l & State Historical Parks,92343 Fort Clatsop Road,Astoria,Oregon,97103,9:00 AM-5:00 PM,9:00 AM-5:00 PM,9:00 AM-5:00 PM,9:00 AM-5:00 PM,9:00 AM-5:00 PM,9:00 AM-5:00 PM,9:00 AM-5:00 PM,,Fort Clatsop Visitor Center,92345 Fort Clatsop Rd,Astoria,Oregon,97103,9:00 AM-5:00 PM,9:00 AM-5:00 PM,9:00 AM-5:00 PM,9:00 AM-5:00 PM,9:00 AM-5:00 PM,9:00 AM-5:00 PM,9:00 AM-5:00 PM
WASHINGTON:,Book,,,Manhattan Project NHP,2000 Logston Blvd,Richland,Washington,99354,Closed,9:00 AM-4:00 PM,9:00 AM-4:00 PM,9:00 AM-4:00 PM,9:00 AM-4:00 PM,9:00 AM-4:00 PM,Closed,,Hanford Visitor Center,2000 Logston Blvd,Richland,Washington,99354,Closed,9:00 AM-4:00 PM,9:00 AM-4:00 PM,9:00 AM-4:00 PM,9:00 AM-4:00 PM,9:00 AM-4:00 PM,Closed
WASHINGTON:,Book,,,Mount Rainier NP,55210 238th Avenue East,Ashford,Washington,98304,Open,Open,Open,Open,Open,Open,Open,,Longmire Museum,,Ashford,Washington,98304,9:00 AM-4:30 PM,9:00 AM-4:30 PM,9:00 AM-4:30 PM,9:00 AM-4:30 PM,9:00 AM-4:30 PM,9:00 AM-4:30 PM,9:00 AM-4:30 PM
WASHINGTON:,Book,,,North Cascades NP,810 State Route 20,Sedro-Woolley,Washington,98284,Open,Open,Open,Open,Open,Open,Open,,North Cascades Visitor Center,376 Newhalem St,Marblemount,Washington,98267,9:00 AM-5:00 PM,9:00 AM-5:00 PM,9:00 AM-5:00 PM,9:00 AM-5:00 PM,9:00 AM-5:00 PM,9:00 AM-5:00 PM,9:00 AM-5:00 PM
WASHINGTON:,Book,,,Olympic NP,3002 Mount Angeles Road,Port Angeles ,Washington,98362,Open,Open,Open,Open,Open,Open,Open,,Olympic National Park Visitor Center,3002 Mount Angeles Road,Port Angeles,Washington,98362,9:00 AM-5:00 PM,9:00 AM-5:00 PM,9:00 AM-5:00 PM,9:00 AM-5:00 PM,9:00 AM-5:00 PM,9:00 AM-5:00 PM,9:00 AM-5:00 PM
WASHINGTON:,Book,,,Ross Lake NRA,810 WA-20,Rockport,Washington,98283,Open,Open,Open,Open,Open,Open,Open,,North Cascades Visitor Center,376 Newhalem St,Marblemount,Washington,98267,9:00 AM-5:00 PM,9:00 AM-5:00 PM,9:00 AM-5:00 PM,9:00 AM-5:00 PM,9:00 AM-5:00 PM,9:00 AM-5:00 PM,9:00 AM-5:00 PM
WASHINGTON:,Book,,,San Juan Island NHP,4668 Cattle Point Rd.,Friday Harbor,Washington,98250,Open,Open,Open,Open,Open,Open,Open,,American Camp Visitor Center,4668 Cattle Point Rd.,Friday Harbor,Washington,98250,10:00 AM-3:00 PM,10:00 AM-3:00 PM,Closed,Closed,10:00 AM-3:00 PM,10:00 AM-3:00 PM,10:00 AM-3:00 PM
WASHINGTON:,Book,,,Whitman Mission NHS,328 Whitman Mission Road,Walla Walla,Washington,99362,Closed,Closed,9:00 AM-4:00 PM,9:00 AM-4:00 PM,9:00 AM-4:00 PM,9:00 AM-4:00 PM,9:00 AM-4:00 PM,,Whitman Mission Visitor Center,328 Whitman Mission Rd,Walla Walla,Washington,99362,Closed,Closed,9:00 AM-4:00 PM,9:00 AM-4:00 PM,9:00 AM-4:00 PM,9:00 AM-4:00 PM,9:00 AM-4:00 PM
WASHINGTON:,,,,Wing Luke Museum,719 South King Street,Seattle,Washington,98104,10:00 AM-5:00 PM,Closed,Closed,10:00 AM-5:00 PM,10:00 AM-5:00 PM,10:00 AM-5:00 PM,10:00 AM-5:00 PM,,Wing Luke Museum,719 South King Street,Seattle,Washington,98104,10:00 AM-5:00 PM,Closed,Closed,10:00 AM-5:00 PM,10:00 AM-5:00 PM,10:00 AM-5:00 PM,10:00 AM-5:00 PM
,,,,,,,,,,,,,,,,,,,,,,,,,,,,
WEST VIRGINIA:,Book,,,Appalachian NST,171 Shoreline Dr,Harpers Ferry,West Virginia,25425,Open,Open,Open,Open,Open,Open,Open,,Visitor Center Harpers Ferry National Historical Park,171 Shoreline Dr,Harpers Ferry,West Virginia,25425,9:00 AM-5:00 PM,9:00 AM-5:00 PM,9:00 AM-5:00 PM,9:00 AM-5:00 PM,9:00 AM-5:00 PM,9:00 AM-5:00 PM,9:00 AM-5:00 PM
WEST VIRGINIA:,Book,,,Bluestone NSR,3405 Pipestem Drive,Pipestem,West Virginia,25979,Open,Open,Open,Open,Open,Open,Open,, Sandstone Visitor Center,330 Meadow Creek Rd,Meadow Bridge,,25976,9:00 AM-5:00 PM,9:00 AM-5:00 PM,9:00 AM-5:00 PM,9:00 AM-5:00 PM,9:00 AM-5:00 PM,9:00 AM-5:00 PM,9:00 AM-5:00 PM
WEST VIRGINIA:,Book,,,Gauley River NRA,104 Main Street,Glen Jean,West Virginia,25846,Open,Open,Open,Open,Open,Open,Open,,Canyon Rim Visitor Center,162 Visitor Center Rd,Lansing,,25862,9:00 AM-5:00 PM,9:00 AM-5:00 PM,9:00 AM-5:00 PM,9:00 AM-5:00 PM,9:00 AM-5:00 PM,9:00 AM-5:00 PM,9:00 AM-5:00 PM
WEST VIRGINIA:,Book,,,Harpers Ferry NHP,171 Shoreline Drive,Harpers Ferry,West Virginia,25425,9:00 AM-5:00 PM,9:00 AM-5:00 PM,9:00 AM-5:00 PM,9:00 AM-5:00 PM,9:00 AM-5:00 PM,9:00 AM-5:00 PM,9:00 AM-5:00 PM,,Harpers Ferry NHP Visitor Center,171 Shoreline Dr,Harpers Ferry,West Virginia,25425,9:00 AM-5:00 PM,9:00 AM-5:00 PM,9:00 AM-5:00 PM,9:00 AM-5:00 PM,9:00 AM-5:00 PM,9:00 AM-5:00 PM,9:00 AM-5:00 PM
WEST VIRGINIA:,Book,,,New River Gorge NP & PRES,104 Main Street,Glen Jean,West Virginia,25846,Open,Open,Open,Open,Open,Open,Open,,Canyon Rim Visitor Center,162 Visitor Center Rd,Lansing,,25862,9:00 AM-5:00 PM,9:00 AM-5:00 PM,9:00 AM-5:00 PM,9:00 AM-5:00 PM,9:00 AM-5:00 PM,9:00 AM-5:00 PM,9:00 AM-5:00 PM
,,,,,,,,,,,,,,,,,,,,,,,,,,,,
WISCONSIN:,Book,,,Apostle Islands NL,415 Washington Avenue,Bayfield,Wisconsin,54814,Open,Open,Open,Open,Open,Open,Open,,Little Sand Bay Visitor Center,32660 Little Sand Bay Rd,Bayfield,Wisconsin,54814,9:00 AM-5:00 PM,9:00 AM-5:00 PM,9:00 AM-5:00 PM,9:00 AM-5:00 PM,9:00 AM-5:00 PM,9:00 AM-5:00 PM,9:00 AM-5:00 PM
WISCONSIN:,,,,Ice Age National Scenic Trail,8075 Old Sauk Pass Road,Cross Plains,Wisconsin,53528,Open,Open,Open,Open,Open,Open,Open,,National Park Service Office,8075 Old Sauk Pass Road,Cross Plains,Wisconsin,53528,Closed,8:00 AM-4:30 PM,8:00 AM-4:30 PM,8:00 AM-4:30 PM,8:00 AM-4:30 PM,8:00 AM-4:30 PM,Closed
WISCONSIN:,Book,,,St. Croix NSR,401 North Hamilton Street,St. Croix Falls,Wisconsin,54024,Open,Open,Open,Open,Open,Open,Open,,Namekagon River Visitor Center,W5483 US-63,Trego,Wisconsin,54888,10:00 AM-5:00 PM,10:00 AM-5:00 PM,Closed,Closed,10:00 AM-5:00 PM,10:00 AM-5:00 PM,10:00 AM-5:00 PM
,,,,,,,,,,,,,,,,,,,,,,,,,,,,
WYOMING:,Book,X,,Devils Tower NM,,,Wyoming,,,,,,,,,,,,,Wyoming,,,,,,,,
WYOMING:,Book,,,Fort Laramie NHS,965 Gray Rocks Road,Fort Laramie,Wyoming,82212,7:00 AM-6:00 PM,7:00 AM-6:00 PM,7:00 AM-6:00 PM,7:00 AM-6:00 PM,7:00 AM-6:00 PM,7:00 AM-6:00 PM,7:00 AM-6:00 PM,,Fort Laramie National Historic Site Visitor Center,965 Gray Rocks Road,Fort Laramie,Wyoming,82212,8:00 AM-6:00 PM,8:00 AM-6:00 PM,8:00 AM-6:00 PM,8:00 AM-6:00 PM,8:00 AM-6:00 PM,8:00 AM-6:00 PM,8:00 AM-6:00 PM
WYOMING:,Book,,,Fossil Butte NM,864 Chicken Creek Road,Kemmerer,Wyoming,83101,7:00 AM-6:00 PM,7:00 AM-6:00 PM,7:00 AM-6:00 PM,7:00 AM-6:00 PM,7:00 AM-6:00 PM,7:00 AM-6:00 PM,7:00 AM-6:00 PM,,Fossil Butte Visitor Center,864 Chicken Creek Rd,Kemmerer,,83101,8:00 AM-4:30 PM,8:00 AM-4:30 PM,8:00 AM-4:30 PM,8:00 AM-4:30 PM,8:00 AM-4:30 PM,8:00 AM-4:30 PM,8:00 AM-4:30 PM
WYOMING:,Book,,,Grand Teton NP,103 Headquarters Loop,Moose,Wyoming,83012,Open,Open,Open,Open,Open,Open,Open,,Craig Thomas Discovery and Visitor Center,1 Teton Park Rd,Moose,,83012,8:00 AM-5:00 PM,8:00 AM-5:00 PM,8:00 AM-5:00 PM,8:00 AM-5:00 PM,8:00 AM-5:00 PM,8:00 AM-5:00 PM,8:00 AM-5:00 PM
WYOMING:,Book,,,"John D. Rockefeller, Jr. Memorial Parkway",100 Grassy Lakes Rd,Moran,Wyoming,83013,Open,Open,Open,Open,Open,Open,Open,,Craig Thomas Discovery and Visitor Center,1 Teton Park Rd,Moose,,83012,8:00 AM-5:00 PM,8:00 AM-5:00 PM,8:00 AM-5:00 PM,8:00 AM-5:00 PM,8:00 AM-5:00 PM,8:00 AM-5:00 PM,8:00 AM-5:00 PM
WYOMING:,Book,,,Mormon Pioneer NHT,1501 North Poplar Street,Casper,Wyoming,82601,Closed,Closed,9:30 AM-5:00 PM,9:30 AM-5:00 PM,9:30 AM-5:00 PM,9:30 AM-5:00 PM,9:30 AM-5:00 PM,,National Historic Trails Interpretive Center,1501 North Poplar Street,Casper,,82601,Closed,Closed,9:30 AM-5:00 PM,9:30 AM-5:00 PM,9:30 AM-5:00 PM,9:30 AM-5:00 PM,9:30 AM-5:00 PM
WYOMING:,,,,Yellowstone NP,2 Officers Row,Yellowstone National Park,Wyoming,82190,Open,Open,Open,Open,Open,Open,Open,,Albright Visitor Center,Grand Loop Rd,Mammoth,,82190,9:00 AM-5:00 PM,9:00 AM-5:00 PM,9:00 AM-5:00 PM,9:00 AM-5:00 PM,9:00 AM-5:00 PM,9:00 AM-5:00 PM,9:00 AM-5:00 PM